frame,object_type,confidence,tracking_id,x1,y1,x2,y2,license_plate,plate_confidence,direction
1,car,0.87,,280,178,404,281,,0.87,right
1,person,0.48,,586,196,600,226,,0.48,right
2,car,0.89,,280,178,407,283,,0.89,right
2,person,0.44,,586,196,602,227,,0.44,right
3,car,0.9,,280,177,409,284,,0.9,right
3,person,0.33,,588,197,603,227,,0.33,right
4,car,0.86,,280,177,411,284,,0.86,right
4,person,0.38,,589,196,604,226,,0.38,right
4,car,0.37,,0,194,21,231,,0.37,left
4,person,0.31,,97,192,104,216,,0.31,left
5,car,0.89,,280,176,413,286,,0.89,right
5,car,0.46,,0,194,19,231,,0.46,left
5,person,0.45,,589,197,605,227,,0.45,right
5,person,0.32,,96,191,104,216,,0.32,left
6,car,0.87,,279,176,414,285,,0.87,right
6,car,0.48,,0,193,17,230,,0.48,left
6,person,0.42,,590,197,606,227,,0.42,right
7,car,0.88,,279,175,416,285,,0.88,right
7,person,0.47,,592,195,608,227,,0.47,right
7,car,0.44,,0,194,16,230,,0.44,left
8,car,0.89,,278,175,417,287,,0.89,right
8,person,0.52,,593,195,608,227,,0.52,right
8,car,0.51,,0,194,15,231,,0.51,left
8,person,0.26,,81,193,89,214,,0.26,left
9,car,0.9,,278,174,419,288,,0.9,right
9,person,0.59,,594,195,610,228,,0.59,right
9,person,0.3,,93,191,102,216,,0.3,left
9,person,0.27,,81,193,89,214,,0.27,left
9,car,0.27,,0,193,14,230,,0.27,left
10,car,0.9,,278,174,421,288,,0.9,right
10,person,0.59,,595,195,611,228,,0.59,right
10,person,0.28,,92,191,101,216,,0.28,left
10,person,0.28,,79,194,89,214,,0.28,left
11,car,0.89,,277,173,423,290,,0.89,right
11,person,0.54,,595,197,612,229,,0.54,right
11,person,0.3,,79,193,88,214,,0.3,left
12,car,0.9,,277,173,425,295,,0.9,right
12,person,0.47,,596,197,613,229,,0.47,right
13,car,0.88,,277,173,427,298,,0.88,right
13,person,0.4,,597,196,615,228,,0.4,right
13,person,0.28,,78,193,88,214,,0.28,left
14,car,0.88,,276,173,429,297,7,0.88,right
14,person,0.3,,597,197,616,229,,0.3,right
14,person,0.26,,78,193,88,213,,0.26,left
15,car,0.89,,276,172,430,296,,0.89,right
16,car,0.87,,276,172,432,297,,0.87,right
16,person,0.38,,7,191,20,221,,0.38,left
16,person,0.37,,598,197,617,230,,0.37,right
17,car,0.87,,276,171,433,298,,0.87,right
17,person,0.38,,598,196,617,230,,0.38,right
17,person,0.27,,77,192,86,214,,0.27,left
17,person,0.27,,5,192,19,221,,0.27,left
18,car,0.9,,276,170,435,301,,0.9,right
18,person,0.38,,599,196,618,230,,0.38,right
18,person,0.31,,4,192,18,221,,0.31,left
18,person,0.26,,89,191,97,215,,0.26,left
19,car,0.89,,276,170,437,298,,0.89,right
19,person,0.35,,600,196,618,230,,0.35,right
19,person,0.32,,3,192,17,220,,0.32,left
20,car,0.9,,276,169,439,300,,0.9,right
20,person,0.35,,601,196,617,230,,0.35,right
20,person,0.26,,501,199,511,227,,0.26,right
21,car,0.91,,276,169,441,299,,0.91,right
21,person,0.35,,602,196,617,230,,0.35,right
21,person,0.29,,502,199,511,227,,0.29,right
22,car,0.89,,275,169,442,300,,0.89,right
23,car,0.9,,275,169,444,301,,0.9,right
23,person,0.3,,601,197,618,231,,0.3,right
23,person,0.26,,502,199,512,227,,0.26,right
24,car,0.91,,275,168,446,302,,0.91,right
24,person,0.34,,603,198,618,232,,0.34,right
24,person,0.26,,502,200,512,228,,0.26,right
24,truck,0.26,,0,165,53,220,,0.26,left
25,car,0.9,,275,168,448,299,4,0.9,right
25,person,0.3,,603,198,618,231,,0.3,right
26,car,0.91,,275,167,449,300,,0.91,right
26,person,0.38,,603,197,618,231,,0.38,right
27,car,0.91,,275,167,450,302,8,0.91,right
27,person,0.39,,603,197,618,232,,0.39,right
28,car,0.91,,273,167,451,302,,0.91,right
28,person,0.35,,604,197,618,231,,0.35,right
29,car,0.9,,274,167,452,302,,0.9,right
29,person,0.49,,604,199,618,234,,0.49,right
29,person,0.28,,104,193,112,212,,0.28,left
30,car,0.88,,273,167,454,304,,0.88,right
30,person,0.6,,604,200,619,237,,0.6,right
30,person,0.33,,103,193,112,212,,0.33,left
30,person,0.28,,72,192,81,214,,0.28,left
31,car,0.89,,273,167,455,303,24,0.89,right
31,person,0.53,,604,200,619,234,,0.53,right
31,person,0.34,,103,194,112,212,,0.34,left
31,person,0.26,,72,192,81,214,,0.26,left
32,car,0.9,,273,167,457,302,2,0.9,right
32,person,0.52,,605,200,619,233,,0.52,right
32,person,0.34,,103,194,112,213,,0.34,left
32,person,0.27,,83,192,92,215,,0.27,left
33,car,0.89,,273,167,458,303,,0.89,right
33,person,0.47,,605,200,619,230,,0.47,right
33,person,0.31,,103,194,112,213,,0.31,left
34,car,0.89,,272,166,460,303,,0.89,right
34,person,0.47,,605,200,619,229,,0.47,right
34,person,0.3,,103,193,111,213,,0.3,left
35,car,0.89,,272,166,460,302,,0.89,right
35,person,0.46,,605,200,619,229,,0.46,right
35,person,0.29,,103,193,112,213,,0.29,left
35,person,0.26,,70,192,80,214,,0.26,left
36,car,0.88,,271,165,462,302,,0.88,right
36,person,0.43,,605,199,619,230,,0.43,right
36,person,0.3,,103,193,111,213,,0.3,left
36,person,0.29,,603,198,619,239,,0.29,right
36,person,0.28,,83,192,91,215,,0.28,left
36,person,0.27,,70,192,80,214,,0.27,left
37,car,0.86,,271,165,463,299,,0.86,right
37,person,0.47,,605,199,619,230,,0.47,right
37,person,0.35,,103,192,112,213,,0.35,left
37,person,0.29,,83,192,91,215,,0.29,left
37,person,0.28,,70,192,80,214,,0.28,left
37,person,0.27,,603,198,619,238,,0.27,right
38,car,0.85,,271,165,465,300,,0.85,right
38,person,0.48,,605,199,619,232,,0.48,right
38,person,0.34,,103,193,112,213,,0.34,left
38,person,0.3,,83,192,91,215,,0.3,left
38,person,0.28,,70,193,80,214,,0.28,left
39,car,0.85,,271,165,465,301,2,0.85,right
39,person,0.49,,603,199,619,237,,0.49,right
39,person,0.31,,103,193,112,213,,0.31,left
39,person,0.28,,82,192,91,214,,0.28,left
39,person,0.27,,70,192,80,214,,0.27,left
40,car,0.84,,271,165,466,301,,0.84,right
40,person,0.29,,104,193,112,213,,0.29,left
40,person,0.29,,605,200,619,231,,0.29,right
40,person,0.27,,82,192,90,214,,0.27,left
40,person,0.26,,70,193,80,214,,0.26,left
41,car,0.85,,271,164,467,301,,0.85,right
41,person,0.32,,604,200,619,233,,0.32,right
41,person,0.29,,104,193,112,213,,0.29,left
41,person,0.27,,83,192,90,214,,0.27,left
41,person,0.26,,70,193,80,214,,0.26,left
42,car,0.84,,271,165,468,302,,0.84,right
42,person,0.49,,605,200,619,234,,0.49,right
42,person,0.29,,82,192,90,215,,0.29,left
43,car,0.86,,270,164,469,304,,0.86,right
43,person,0.39,,605,200,619,234,,0.39,right
43,person,0.29,,82,192,90,214,,0.29,left
44,car,0.86,,270,164,469,303,9,0.86,right
44,person,0.49,,604,200,619,235,,0.49,right
44,person,0.26,,82,192,90,214,,0.26,left
45,car,0.86,,270,165,469,302,2,0.86,right
45,person,0.42,,604,201,618,235,,0.42,right
46,car,0.86,,270,164,469,304,,0.86,right
46,person,0.49,,604,200,618,235,,0.49,right
46,person,0.29,,104,193,112,212,,0.29,left
47,car,0.86,,270,164,470,306,,0.86,right
47,person,0.55,,604,200,618,239,,0.55,right
47,person,0.3,,104,193,112,212,,0.3,left
48,car,0.86,,269,164,470,305,,0.86,right
48,person,0.51,,604,201,618,239,,0.51,right
48,person,0.31,,104,193,112,212,,0.31,left
48,person,0.27,,82,191,90,214,,0.27,left
49,car,0.86,,270,164,470,306,RA,0.86,right
49,person,0.55,,603,200,618,239,,0.55,right
49,person,0.29,,104,193,112,213,,0.29,left
50,car,0.87,,270,164,470,304,,0.87,right
50,person,0.39,,602,200,617,238,,0.39,right
50,person,0.29,,104,193,111,213,,0.29,left
51,car,0.87,,270,164,471,304,8,0.87,right
51,person,0.29,,104,193,112,213,,0.29,left
52,car,0.87,,270,164,470,305,,0.87,right
52,person,0.27,,103,193,111,213,,0.27,left
52,person,0.26,,601,200,616,236,,0.26,right
53,car,0.87,,270,164,471,304,3,0.87,right
53,person,0.29,,103,193,111,213,,0.29,left
53,person,0.26,,81,191,90,215,,0.26,left
54,car,0.86,,270,164,472,305,3,0.86,right
54,person,0.29,,103,193,111,213,,0.29,left
54,person,0.26,,81,191,90,215,,0.26,left
55,car,0.87,,270,164,472,304,,0.87,right
55,person,0.31,,600,200,616,228,,0.31,right
55,person,0.29,,104,193,111,213,,0.29,left
55,person,0.28,,81,190,90,215,,0.28,left
56,car,0.87,,270,164,472,304,3,0.87,right
56,person,0.35,,103,193,111,213,,0.35,left
56,person,0.3,,81,190,90,215,,0.3,left
56,person,0.26,,600,200,616,227,,0.26,right
57,car,0.88,,270,164,472,303,,0.88,right
57,person,0.37,,103,193,111,213,,0.37,left
57,person,0.33,,81,190,90,215,,0.33,left
58,car,0.88,,270,165,472,303,,0.88,right
58,person,0.35,,103,193,111,213,,0.35,left
58,person,0.34,,81,190,90,215,,0.34,left
59,car,0.87,,270,164,472,303,4,0.87,right
59,person,0.36,,103,193,111,213,,0.36,left
59,person,0.33,,81,190,90,215,,0.33,left
60,car,0.87,,270,164,472,303,,0.87,right
60,person,0.36,,103,193,111,213,,0.36,left
60,person,0.33,,81,190,90,215,,0.33,left
60,person,0.29,,598,199,613,234,,0.29,right
61,car,0.87,,270,164,471,304,2,0.87,right
61,person,0.36,,598,200,613,236,,0.36,right
61,person,0.36,,103,193,111,213,,0.36,left
61,person,0.32,,81,190,90,215,,0.32,left
62,car,0.88,,269,164,472,305,2,0.88,right
62,person,0.41,,597,200,614,236,,0.41,right
62,person,0.36,,103,193,111,213,,0.36,left
62,person,0.33,,81,190,90,215,,0.33,left
63,car,0.88,,270,164,472,304,2,0.88,right
63,person,0.41,,596,200,614,237,,0.41,right
63,person,0.33,,81,190,90,215,,0.33,left
63,person,0.32,,103,194,111,213,,0.32,left
64,car,0.88,,270,164,472,303,,0.88,right
64,person,0.31,,81,190,90,215,,0.31,left
64,person,0.31,,103,194,111,213,,0.31,left
64,car,0.29,,625,267,639,309,,0.29,right
64,person,0.27,,596,202,612,232,,0.27,right
65,car,0.88,,270,164,472,302,,0.88,right
65,car,0.59,,616,254,639,307,,0.59,right
65,person,0.3,,81,190,90,215,,0.3,left
65,person,0.3,,103,194,111,213,,0.3,left
66,car,0.9,,270,164,472,301,2,0.9,right
66,car,0.6,,607,246,639,310,,0.6,right
66,person,0.36,,596,201,610,237,,0.36,right
66,person,0.34,,103,194,111,213,,0.34,left
66,person,0.32,,81,190,90,215,,0.32,left
67,car,0.89,,270,164,472,302,,0.89,right
67,car,0.57,,600,244,639,308,,0.57,right
67,person,0.41,,595,201,610,239,,0.41,right
67,person,0.34,,103,193,111,214,,0.34,left
67,person,0.34,,81,190,90,216,,0.34,left
68,car,0.89,,270,165,472,301,,0.89,right
68,car,0.64,,592,222,639,309,,0.64,right
68,person,0.43,,595,201,610,238,,0.43,right
68,person,0.34,,81,190,90,216,,0.34,left
68,person,0.34,,103,193,111,214,,0.34,left
69,car,0.89,,270,165,472,302,4,0.89,right
69,car,0.63,,585,216,639,309,,0.63,right
69,person,0.44,,594,201,610,237,,0.44,right
69,person,0.35,,103,193,112,213,,0.35,left
69,person,0.35,,81,190,90,216,,0.35,left
69,person,0.26,,69,194,79,215,,0.26,left
70,car,0.89,,270,165,472,302,,0.89,right
70,car,0.68,,577,227,639,308,,0.68,right
70,person,0.38,,594,202,610,237,,0.38,right
70,car,0.35,,619,211,639,237,,0.35,right
70,person,0.34,,81,190,90,216,,0.34,left
70,person,0.33,,103,193,112,213,,0.33,left
71,car,0.89,,270,165,472,302,4,0.89,right
71,car,0.65,,572,210,639,311,A,0.65,right
71,person,0.5,,593,201,610,238,,0.5,right
71,person,0.35,,81,190,91,216,,0.35,left
71,person,0.31,,103,193,112,213,,0.31,left
72,car,0.89,,270,165,472,303,,0.89,right
72,car,0.63,,566,227,639,310,A,0.63,right
72,person,0.4,,593,201,609,225,,0.4,right
72,person,0.36,,81,190,91,216,,0.36,left
72,person,0.29,,103,193,112,213,,0.29,left
72,person,0.26,,69,194,79,214,,0.26,left
73,car,0.89,,270,165,472,303,,0.89,right
73,car,0.71,,560,227,639,310,A,0.71,right
73,person,0.34,,82,190,90,216,,0.34,left
73,car,0.32,,593,196,639,234,,0.32,right
73,person,0.26,,69,194,79,215,,0.26,left
74,car,0.89,,270,165,472,303,2,0.89,right
74,car,0.71,,554,226,639,310,A,0.71,right
74,person,0.35,,82,190,91,216,,0.35,left
74,person,0.28,,69,194,79,216,,0.28,left
74,person,0.27,,587,201,609,230,,0.27,right
74,person,0.27,,103,193,112,213,,0.27,left
75,car,0.89,,270,164,472,301,29,0.89,right
75,car,0.7,,550,225,639,310,,0.7,right
75,person,0.34,,82,190,91,216,,0.34,left
75,car,0.32,,550,181,639,312,A,0.32,right
75,car,0.3,,580,183,639,232,,0.3,right
75,person,0.28,,69,194,79,216,,0.28,left
75,person,0.26,,103,193,112,214,,0.26,left
76,car,0.89,,270,164,472,301,29,0.89,right
76,car,0.71,,545,179,639,311,,0.71,right
76,car,0.54,,545,225,639,309,4,0.54,right
76,car,0.35,,574,180,639,234,,0.35,right
76,person,0.34,,82,190,91,216,,0.34,left
76,person,0.28,,69,193,79,216,,0.28,left
76,person,0.26,,103,193,112,214,,0.26,left
77,car,0.89,,270,165,472,301,,0.89,right
77,car,0.81,,539,173,639,312,,0.81,right
77,car,0.5,,539,218,639,312,,0.5,right
77,person,0.34,,82,190,91,216,,0.34,left
77,person,0.28,,69,193,79,216,,0.28,left
78,car,0.9,,270,165,472,301,2,0.9,right
78,car,0.64,,537,218,639,312,,0.64,right
78,car,0.59,,536,172,639,313,,0.59,right
78,person,0.34,,81,190,91,216,,0.34,left
78,car,0.29,,560,172,639,233,,0.29,right
78,person,0.29,,69,193,79,216,,0.29,left
79,car,0.89,,270,165,472,302,,0.89,right
79,car,0.71,,532,217,639,312,,0.71,right
79,car,0.48,,558,167,639,232,,0.48,right
79,person,0.33,,81,191,91,216,,0.33,left
79,car,0.31,,533,166,639,313,,0.31,right
79,person,0.28,,69,193,79,216,,0.28,left
80,car,0.89,,270,165,472,301,,0.89,right
80,car,0.67,,530,164,639,312,,0.67,right
80,car,0.54,,529,217,639,312,,0.54,right
80,person,0.34,,81,191,91,216,,0.34,left
80,car,0.3,,554,165,639,232,,0.3,right
80,person,0.29,,69,193,79,216,,0.29,left
80,person,0.27,,103,193,112,214,,0.27,left
81,car,0.88,,271,165,472,302,,0.88,right
81,car,0.79,,524,217,639,314,,0.79,right
81,car,0.46,,550,164,639,231,,0.46,right
81,person,0.34,,81,191,91,216,,0.34,left
81,person,0.29,,69,193,79,216,,0.29,left
82,car,0.89,,270,165,472,301,,0.89,right
82,car,0.65,,522,162,639,313,,0.65,right
82,car,0.55,,522,215,639,312,,0.55,right
82,person,0.35,,81,191,90,216,,0.35,left
82,car,0.29,,546,163,639,231,,0.29,right
82,person,0.29,,69,193,79,216,,0.29,left
83,car,0.9,,271,165,472,301,2,0.9,right
83,car,0.81,,518,162,639,313,,0.81,right
83,person,0.36,,81,191,91,216,,0.36,left
83,person,0.3,,69,193,79,216,,0.3,left
83,car,0.28,,518,212,639,312,,0.28,right
83,car,0.27,,542,162,639,230,,0.27,right
84,car,0.9,,271,165,472,301,2,0.9,right
84,car,0.85,,515,160,639,314,P,0.85,right
84,person,0.35,,81,191,91,216,,0.35,left
84,person,0.3,,69,193,79,216,,0.3,left
84,person,0.29,,103,193,112,213,,0.29,left
85,car,0.9,,271,165,472,301,2,0.9,right
85,car,0.85,,512,159,639,315,,0.85,right
85,person,0.37,,81,191,91,216,,0.37,left
85,person,0.31,,69,193,79,216,,0.31,left
85,person,0.31,,103,193,112,213,,0.31,left
86,car,0.9,,271,164,472,301,,0.9,right
86,car,0.83,,509,160,639,313,,0.83,right
86,person,0.38,,81,190,91,217,,0.38,left
86,person,0.31,,69,193,79,216,,0.31,left
86,person,0.31,,103,193,112,213,,0.31,left
86,car,0.26,,529,160,639,230,,0.26,right
87,car,0.9,,271,165,472,301,9,0.9,right
87,car,0.88,,507,159,639,312,,0.88,right
87,person,0.38,,81,190,91,217,,0.38,left
87,person,0.32,,103,194,111,214,,0.32,left
87,person,0.3,,69,194,79,216,,0.3,left
88,car,0.9,,271,165,472,301,3,0.9,right
88,car,0.89,,504,159,639,311,Y,0.89,right
88,person,0.38,,81,190,91,217,,0.38,left
88,person,0.32,,103,194,111,214,,0.32,left
88,person,0.3,,69,194,79,216,,0.3,left
89,car,0.9,,502,160,639,312,K,0.9,right
89,car,0.89,,271,164,472,301,,0.89,right
89,person,0.36,,81,190,91,217,,0.36,left
89,person,0.3,,69,194,79,216,,0.3,left
89,person,0.29,,103,194,111,214,,0.29,left
90,car,0.89,,271,164,472,301,,0.89,right
90,car,0.86,,497,161,639,312,,0.86,right
90,person,0.36,,81,190,91,217,,0.36,left
90,person,0.3,,69,194,79,216,,0.3,left
90,person,0.27,,103,194,111,214,,0.27,left
91,car,0.89,,271,165,472,301,,0.89,right
91,car,0.86,,493,162,639,313,LE,0.86,right
91,person,0.36,,82,190,91,217,,0.36,left
91,person,0.31,,69,194,79,216,,0.31,left
91,person,0.29,,103,194,111,214,,0.29,left
92,car,0.89,,271,165,472,301,A,0.89,right
92,car,0.83,,486,161,639,312,A,0.83,right
92,person,0.34,,82,190,91,217,,0.34,left
92,person,0.3,,69,194,79,216,,0.3,left
92,person,0.28,,103,194,111,214,,0.28,left
93,car,0.89,,271,165,472,300,A,0.89,right
93,car,0.84,,478,162,639,312,J,0.84,right
93,person,0.32,,82,190,91,217,,0.32,left
93,person,0.29,,69,194,79,216,,0.29,left
93,person,0.28,,103,194,110,214,,0.28,left
94,car,0.89,,271,165,472,301,,0.89,right
94,car,0.87,,470,160,639,312,7,0.87,right
94,person,0.31,,82,190,91,217,,0.31,left
94,person,0.28,,69,194,79,216,,0.28,left
94,person,0.26,,102,194,110,214,,0.26,left
95,car,0.89,,271,165,472,301,2,0.89,right
95,car,0.87,,473,160,639,313,,0.87,right
95,person,0.32,,82,190,91,217,,0.32,left
95,person,0.29,,69,194,79,216,,0.29,left
96,car,0.89,,271,165,472,301,,0.89,right
96,car,0.88,,472,160,639,312,4,0.88,right
96,person,0.33,,82,190,91,217,,0.33,left
96,person,0.3,,70,194,79,216,,0.3,left
97,car,0.89,,271,165,472,300,,0.89,right
97,car,0.89,,473,160,639,312,4,0.89,right
97,person,0.3,,70,194,79,216,,0.3,left
97,person,0.3,,82,190,91,216,,0.3,left
98,car,0.9,,473,162,639,311,A,0.9,right
98,car,0.9,,271,165,472,300,,0.9,right
98,person,0.3,,82,190,91,217,,0.3,left
98,person,0.3,,69,194,79,216,,0.3,left
99,car,0.9,,271,165,472,300,,0.9,right
99,car,0.9,,470,164,639,312,SE,0.9,right
99,person,0.32,,82,190,91,216,,0.32,left
99,person,0.3,,69,194,79,216,,0.3,left
100,car,0.9,,271,165,472,300,,0.9,right
100,car,0.89,,473,166,639,312,AL,0.89,right
100,person,0.32,,82,190,91,216,,0.32,left
100,person,0.31,,70,194,79,216,,0.31,left
101,car,0.9,,471,165,639,311,,0.9,right
101,car,0.9,,271,165,472,300,,0.9,right
101,person,0.32,,82,190,91,216,,0.32,left
101,person,0.31,,70,194,79,216,,0.31,left
102,car,0.9,,271,165,472,300,,0.9,right
102,car,0.89,,472,164,639,312,,0.89,right
102,person,0.32,,82,190,91,216,,0.32,left
102,person,0.31,,70,194,79,216,,0.31,left
103,car,0.91,,477,159,639,314,,0.91,right
103,car,0.9,,271,165,472,301,2,0.9,right
103,person,0.32,,82,190,91,216,,0.32,left
103,person,0.31,,69,194,79,216,,0.31,left
104,car,0.91,,476,160,639,312,,0.91,right
104,car,0.91,,271,165,472,300,2,0.91,right
104,person,0.31,,83,191,90,216,,0.31,left
104,person,0.29,,70,194,79,215,,0.29,left
105,car,0.91,,473,160,639,312,,0.91,right
105,car,0.91,,271,165,471,300,,0.91,right
105,person,0.33,,82,190,91,216,,0.33,left
105,person,0.31,,70,194,79,216,,0.31,left
106,car,0.91,,271,165,471,299,,0.91,right
106,car,0.91,,474,158,639,312,C,0.91,right
106,person,0.32,,82,190,91,216,,0.32,left
106,person,0.31,,70,194,79,216,,0.31,left
107,car,0.9,,474,159,639,312,,0.9,right
107,car,0.89,,271,165,471,299,,0.89,right
107,person,0.34,,82,190,91,216,,0.34,left
107,person,0.31,,70,194,79,216,,0.31,left
108,car,0.9,,472,162,639,313,,0.9,right
108,car,0.89,,271,165,471,299,,0.89,right
108,person,0.34,,82,190,91,216,,0.34,left
108,person,0.31,,70,194,79,216,,0.31,left
109,car,0.9,,472,162,639,315,,0.9,right
109,car,0.89,,271,165,471,299,,0.89,right
109,person,0.33,,83,191,91,216,,0.33,left
109,person,0.3,,70,194,79,216,,0.3,left
110,car,0.89,,471,161,639,315,,0.89,right
110,car,0.89,,271,165,471,299,,0.89,right
110,person,0.33,,83,191,91,216,,0.33,left
110,person,0.3,,70,194,79,216,,0.3,left
111,car,0.9,,470,160,639,316,,0.9,right
111,car,0.88,,271,165,471,299,,0.88,right
111,person,0.32,,82,191,91,216,,0.32,left
111,person,0.3,,70,194,79,216,,0.3,left
112,car,0.9,,470,160,639,315,,0.9,right
112,car,0.88,,271,165,471,299,,0.88,right
112,person,0.31,,82,191,91,216,,0.31,left
112,person,0.3,,70,194,79,216,,0.3,left
113,car,0.91,,471,157,639,315,,0.91,right
113,car,0.89,,271,165,471,299,,0.89,right
113,person,0.31,,82,191,91,216,,0.31,left
113,person,0.3,,70,194,79,216,,0.3,left
114,car,0.9,,473,159,639,314,,0.9,right
114,car,0.89,,271,165,472,299,,0.89,right
114,person,0.31,,70,194,79,216,,0.31,left
114,person,0.3,,83,191,91,216,,0.3,left
115,car,0.9,,471,162,639,316,,0.9,right
115,car,0.88,,271,165,473,301,9,0.88,right
115,person,0.3,,70,194,79,216,,0.3,left
115,person,0.29,,83,191,91,215,,0.29,left
116,car,0.9,,471,163,639,315,,0.9,right
116,car,0.89,,271,165,474,301,,0.89,right
116,person,0.31,,70,194,79,216,,0.31,left
116,person,0.29,,83,191,91,215,,0.29,left
117,car,0.9,,471,163,639,316,,0.9,right
117,car,0.89,,271,165,473,301,8,0.89,right
117,person,0.31,,70,194,79,216,,0.31,left
117,person,0.29,,83,191,91,215,,0.29,left
118,car,0.9,,472,161,639,317,,0.9,right
118,car,0.88,,271,165,474,301,8,0.88,right
118,person,0.31,,70,194,79,216,,0.31,left
118,person,0.29,,83,191,91,216,,0.29,left
119,car,0.9,,471,162,639,317,,0.9,right
119,car,0.89,,271,165,475,301,4,0.89,right
119,person,0.3,,82,191,91,215,,0.3,left
119,person,0.3,,70,194,79,216,,0.3,left
120,car,0.91,,471,161,639,317,,0.91,right
120,car,0.89,,271,165,476,301,,0.89,right
120,person,0.29,,70,194,79,216,,0.29,left
120,person,0.29,,83,191,91,215,,0.29,left
121,car,0.9,,469,161,639,315,,0.9,right
121,car,0.88,,271,165,474,301,2,0.88,right
121,person,0.3,,70,194,79,216,,0.3,left
121,person,0.3,,82,191,91,216,,0.3,left
122,car,0.91,,469,162,639,315,,0.91,right
122,car,0.89,,271,166,475,300,,0.89,right
122,person,0.3,,70,194,79,216,,0.3,left
122,person,0.3,,83,191,91,215,,0.3,left
123,car,0.91,,470,160,639,316,,0.91,right
123,car,0.89,,271,166,476,300,,0.89,right
123,person,0.3,,83,191,91,216,,0.3,left
123,person,0.3,,70,194,79,216,,0.3,left
124,car,0.92,,469,161,639,317,,0.92,right
124,car,0.89,,271,166,475,301,4,0.89,right
124,person,0.31,,83,191,91,216,,0.31,left
124,person,0.31,,70,194,79,216,,0.31,left
125,car,0.91,,470,161,639,318,,0.91,right
125,car,0.89,,271,165,477,301,2,0.89,right
125,person,0.31,,83,190,91,216,,0.31,left
125,person,0.31,,70,194,79,216,,0.31,left
126,car,0.9,,468,163,639,317,,0.9,right
126,car,0.89,,271,165,477,301,,0.89,right
126,person,0.32,,83,190,91,216,,0.32,left
126,person,0.31,,70,194,79,216,,0.31,left
127,car,0.9,,467,161,639,318,,0.9,right
127,car,0.89,,271,165,473,302,,0.89,right
127,person,0.34,,82,190,91,216,,0.34,left
127,person,0.31,,70,194,79,216,,0.31,left
128,car,0.9,,467,163,639,316,,0.9,right
128,car,0.89,,271,165,474,301,2,0.89,right
128,person,0.34,,82,190,91,216,,0.34,left
128,person,0.31,,70,194,79,216,,0.31,left
129,car,0.9,,467,163,639,316,Y,0.9,right
129,car,0.89,,271,166,473,301,4,0.89,right
129,person,0.34,,82,190,91,216,,0.34,left
129,person,0.31,,70,194,79,216,,0.31,left
130,car,0.9,,467,164,639,316,,0.9,right
130,car,0.88,,271,166,472,301,2,0.88,right
130,person,0.33,,82,190,91,216,,0.33,left
130,person,0.3,,70,194,79,216,,0.3,left
131,car,0.9,,467,164,639,316,,0.9,right
131,car,0.89,,271,166,473,301,2,0.89,right
131,person,0.34,,82,190,91,216,,0.34,left
131,person,0.3,,70,194,79,216,,0.3,left
132,car,0.9,,468,164,639,315,O,0.9,right
132,car,0.9,,271,166,473,300,,0.9,right
132,person,0.36,,82,190,91,216,,0.36,left
132,person,0.31,,70,194,79,216,,0.31,left
133,car,0.9,,271,166,473,300,,0.9,right
133,car,0.9,,468,166,639,316,,0.9,right
133,person,0.36,,82,190,91,216,,0.36,left
133,person,0.31,,70,194,79,216,,0.31,left
134,car,0.9,,468,167,639,315,,0.9,right
134,car,0.9,,271,166,474,300,,0.9,right
134,person,0.36,,82,190,91,216,,0.36,left
134,person,0.32,,70,194,79,216,,0.32,left
135,car,0.9,,271,166,473,301,,0.9,right
135,car,0.9,,468,167,639,315,,0.9,right
135,person,0.35,,82,190,91,216,,0.35,left
135,person,0.31,,70,194,79,216,,0.31,left
136,car,0.9,,271,166,474,301,2,0.9,right
136,car,0.9,,468,168,639,314,,0.9,right
136,person,0.33,,82,190,91,216,,0.33,left
136,person,0.3,,70,194,79,216,,0.3,left
137,car,0.91,,468,167,639,314,,0.91,right
137,car,0.9,,271,166,474,301,,0.9,right
137,person,0.34,,82,190,91,216,,0.34,left
137,person,0.3,,70,194,79,216,,0.3,left
138,car,0.9,,468,167,639,314,,0.9,right
138,car,0.9,,271,166,474,301,,0.9,right
138,person,0.34,,82,190,91,216,,0.34,left
138,person,0.3,,70,194,79,216,,0.3,left
139,car,0.9,,271,166,475,301,,0.9,right
139,car,0.9,,468,168,639,314,,0.9,right
139,person,0.33,,82,190,91,216,,0.33,left
139,person,0.29,,70,194,79,215,,0.29,left
140,car,0.9,,271,165,475,301,2,0.9,right
140,car,0.9,,468,166,639,313,KA,0.9,right
140,person,0.33,,82,190,91,216,,0.33,left
140,person,0.29,,70,194,79,215,,0.29,left
141,car,0.9,,271,165,474,301,2,0.9,right
141,car,0.9,,467,166,639,313,,0.9,right
141,person,0.3,,82,190,91,216,,0.3,left
141,person,0.28,,70,194,79,216,,0.28,left
142,car,0.9,,271,165,474,301,2,0.9,right
142,car,0.9,,467,166,639,314,,0.9,right
142,person,0.3,,83,191,91,216,,0.3,left
142,person,0.27,,70,194,79,215,,0.27,left
143,car,0.9,,271,166,474,301,,0.9,right
143,car,0.9,,466,166,639,314,,0.9,right
143,person,0.3,,83,191,91,216,,0.3,left
143,person,0.27,,70,194,79,215,,0.27,left
144,car,0.9,,271,166,473,301,8,0.9,right
144,car,0.89,,466,166,639,313,,0.89,right
144,person,0.29,,82,190,91,216,,0.29,left
144,person,0.28,,70,194,79,216,,0.28,left
145,car,0.9,,271,166,473,301,8,0.9,right
145,car,0.9,,466,166,639,314,,0.9,right
145,person,0.31,,82,190,91,216,,0.31,left
145,person,0.28,,70,194,79,216,,0.28,left
146,car,0.9,,271,166,473,301,8,0.9,right
146,car,0.9,,466,167,639,313,,0.9,right
146,person,0.3,,82,190,91,216,,0.3,left
146,person,0.28,,70,194,79,216,,0.28,left
147,car,0.9,,271,166,473,301,,0.9,right
147,car,0.9,,465,166,639,312,,0.9,right
147,person,0.28,,82,191,91,216,,0.28,left
147,person,0.26,,70,194,79,216,,0.26,left
148,car,0.9,,271,166,473,301,,0.9,right
148,car,0.9,,465,168,639,311,S,0.9,right
148,person,0.28,,82,191,91,216,,0.28,left
148,person,0.27,,70,194,79,216,,0.27,left
149,car,0.9,,271,166,473,301,,0.9,right
149,car,0.9,,465,168,639,312,,0.9,right
149,person,0.28,,82,191,91,216,,0.28,left
149,person,0.27,,70,194,79,216,,0.27,left
150,car,0.9,,271,166,473,302,,0.9,right
150,car,0.9,,464,168,639,312,,0.9,right
150,person,0.29,,82,191,91,216,,0.29,left
150,person,0.26,,70,193,79,216,,0.26,left
151,car,0.9,,271,166,473,301,,0.9,right
151,car,0.9,,464,168,639,312,,0.9,right
151,person,0.27,,83,191,91,216,,0.27,left
152,car,0.9,,271,166,473,301,2,0.9,right
152,car,0.9,,464,169,639,312,,0.9,right
152,person,0.27,,83,191,91,216,,0.27,left
153,car,0.9,,464,169,639,312,,0.9,right
153,car,0.9,,271,166,473,301,2,0.9,right
153,person,0.26,,83,191,91,216,,0.26,left
154,car,0.9,,464,169,639,312,,0.9,right
154,car,0.9,,271,166,473,301,9,0.9,right
154,person,0.26,,83,191,91,216,,0.26,left
155,car,0.9,,271,166,473,301,2,0.9,right
155,car,0.9,,464,168,639,311,,0.9,right
155,person,0.29,,83,191,91,216,,0.29,left
155,person,0.26,,70,193,79,216,,0.26,left
156,car,0.9,,271,166,473,301,2,0.9,right
156,car,0.9,,464,168,639,311,,0.9,right
156,person,0.28,,82,190,91,216,,0.28,left
156,person,0.26,,70,193,79,216,,0.26,left
157,car,0.9,,271,166,473,301,2,0.9,right
157,car,0.9,,465,168,639,311,,0.9,right
157,person,0.3,,82,190,91,216,,0.3,left
157,person,0.26,,70,193,79,216,,0.26,left
158,car,0.9,,271,166,473,301,2,0.9,right
158,car,0.9,,465,167,639,311,,0.9,right
158,person,0.29,,82,190,91,216,,0.29,left
158,person,0.27,,70,193,79,216,,0.27,left
159,car,0.9,,271,166,473,301,2,0.9,right
159,car,0.9,,465,167,639,312,,0.9,right
159,person,0.26,,70,193,79,216,,0.26,left
159,person,0.26,,82,190,91,216,,0.26,left
160,car,0.9,,271,166,473,301,,0.9,right
160,car,0.9,,464,167,639,312,,0.9,right
161,car,0.9,,464,167,639,312,,0.9,right
161,car,0.9,,271,166,473,301,9,0.9,right
162,car,0.9,,464,167,639,312,,0.9,right
162,car,0.9,,271,166,473,300,,0.9,right
163,car,0.9,,465,167,639,312,O,0.9,right
163,car,0.9,,271,166,473,301,,0.9,right
164,car,0.9,,271,166,474,302,,0.9,right
164,car,0.9,,465,167,639,312,,0.9,right
165,car,0.9,,271,166,474,301,,0.9,right
165,car,0.9,,465,167,639,312,B,0.9,right
166,car,0.9,,271,166,474,301,,0.9,right
166,car,0.9,,465,167,639,312,,0.9,right
167,car,0.9,,271,166,474,302,8,0.9,right
167,car,0.89,,465,166,639,311,,0.89,right
168,car,0.9,,271,166,474,301,,0.9,right
168,car,0.89,,465,166,639,312,,0.89,right
169,car,0.9,,271,166,474,301,3,0.9,right
169,car,0.89,,465,166,639,311,,0.89,right
170,car,0.9,,271,166,474,301,,0.9,right
170,car,0.89,,465,166,639,311,,0.89,right
171,car,0.9,,271,166,474,301,3,0.9,right
171,car,0.89,,465,167,639,311,,0.89,right
172,car,0.9,,271,166,474,301,,0.9,right
172,car,0.89,,465,167,639,311,,0.89,right
173,car,0.89,,271,166,474,301,,0.89,right
173,car,0.89,,465,167,639,311,,0.89,right
174,car,0.9,,271,166,473,302,,0.9,right
174,car,0.89,,465,167,639,311,,0.89,right
175,car,0.9,,464,166,639,311,,0.9,right
175,car,0.89,,272,166,473,302,,0.89,right
176,car,0.9,,465,166,639,311,,0.9,right
176,car,0.9,,271,166,473,302,8,0.9,right
177,car,0.9,,465,166,639,311,,0.9,right
177,car,0.9,,271,165,474,302,,0.9,right
177,person,0.28,,104,191,112,214,,0.28,left
178,car,0.9,,465,166,639,311,,0.9,right
178,car,0.9,,271,166,473,302,9,0.9,right
178,person,0.28,,104,192,112,214,,0.28,left
178,person,0.26,,81,191,90,216,,0.26,left
179,car,0.9,,271,166,473,302,,0.9,right
179,car,0.9,,465,166,639,311,,0.9,right
179,person,0.28,,104,192,112,214,,0.28,left
180,car,0.9,,272,165,473,302,,0.9,right
180,car,0.9,,465,166,639,311,,0.9,right
180,person,0.28,,104,192,112,215,,0.28,left
180,person,0.26,,81,191,90,216,,0.26,left
181,car,0.9,,465,166,639,311,,0.9,right
181,car,0.9,,271,166,473,302,,0.9,right
181,person,0.27,,104,192,112,215,,0.27,left
182,car,0.9,,465,166,639,311,,0.9,right
182,car,0.9,,272,166,473,302,2,0.9,right
182,person,0.27,,104,192,112,214,,0.27,left
183,car,0.9,,272,166,473,301,,0.9,right
183,car,0.9,,465,166,639,311,,0.9,right
184,car,0.9,,271,166,472,301,,0.9,right
184,car,0.9,,465,166,639,311,,0.9,right
184,person,0.27,,104,192,112,214,,0.27,left
185,car,0.9,,465,166,639,311,,0.9,right
185,car,0.9,,271,166,472,301,2,0.9,right
185,person,0.28,,104,192,112,214,,0.28,left
186,car,0.9,,465,165,639,311,,0.9,right
186,car,0.9,,271,166,473,302,,0.9,right
186,person,0.26,,104,192,112,214,,0.26,left
187,car,0.9,,465,166,639,311,,0.9,right
187,car,0.9,,272,165,474,302,,0.9,right
187,person,0.26,,104,193,112,214,,0.26,left
188,car,0.9,,465,166,639,310,,0.9,right
188,car,0.9,,272,165,473,302,3,0.9,right
188,person,0.26,,104,193,112,214,,0.26,left
189,car,0.89,,272,165,474,302,,0.89,right
189,car,0.89,,465,166,639,310,,0.89,right
190,car,0.9,,465,163,639,310,,0.9,right
190,car,0.89,,272,165,474,302,3,0.89,right
191,car,0.9,,272,165,474,302,3,0.9,right
191,car,0.9,,465,165,639,310,,0.9,right
192,car,0.9,,465,165,639,310,,0.9,right
192,car,0.89,,272,165,474,302,,0.89,right
193,car,0.9,,465,162,639,310,,0.9,right
193,car,0.89,,272,165,474,302,2,0.89,right
194,car,0.9,,465,162,639,310,,0.9,right
194,car,0.89,,272,165,474,301,4,0.89,right
195,car,0.9,,465,162,639,310,,0.9,right
195,car,0.89,,272,165,474,301,2,0.89,right
195,person,0.26,,71,193,80,216,,0.26,left
196,car,0.9,,466,162,639,310,,0.9,right
196,car,0.89,,272,165,474,301,,0.89,right
196,person,0.28,,71,193,80,216,,0.28,left
197,car,0.9,,466,162,639,310,,0.9,right
197,car,0.89,,272,165,474,301,4,0.89,right
197,person,0.27,,71,193,80,216,,0.27,left
198,car,0.9,,466,162,639,310,,0.9,right
198,car,0.89,,272,165,474,301,8,0.89,right
198,person,0.26,,71,193,80,216,,0.26,left
199,car,0.9,,466,162,639,310,,0.9,right
199,car,0.89,,272,165,474,301,,0.89,right
199,person,0.26,,71,193,80,216,,0.26,left
200,car,0.9,,466,162,639,310,,0.9,right
200,car,0.9,,272,165,474,301,8,0.9,right
200,person,0.27,,71,193,80,216,,0.27,left
201,car,0.9,,467,162,639,310,,0.9,right
201,car,0.9,,272,165,474,300,,0.9,right
201,person,0.26,,71,193,80,216,,0.26,left
202,car,0.9,,466,162,639,310,,0.9,right
202,car,0.89,,272,165,474,301,,0.89,right
202,person,0.27,,71,192,80,216,,0.27,left
203,car,0.9,,466,162,639,310,,0.9,right
203,car,0.89,,272,165,474,301,2,0.89,right
203,person,0.27,,71,192,80,215,,0.27,left
204,car,0.9,,466,162,639,310,,0.9,right
204,car,0.89,,272,165,474,301,2,0.89,right
204,person,0.27,,71,192,80,215,,0.27,left
205,car,0.9,,466,162,639,310,,0.9,right
205,car,0.89,,272,165,474,301,2,0.89,right
205,person,0.27,,71,192,80,215,,0.27,left
206,car,0.9,,466,162,639,310,,0.9,right
206,car,0.89,,272,165,474,301,2,0.89,right
206,person,0.27,,71,192,80,215,,0.27,left
207,car,0.9,,466,164,639,310,,0.9,right
207,car,0.89,,272,165,474,301,2,0.89,right
207,person,0.28,,71,192,80,215,,0.28,left
208,car,0.9,,466,162,639,310,,0.9,right
208,car,0.89,,272,165,474,301,2,0.89,right
208,person,0.27,,71,192,80,215,,0.27,left
209,car,0.9,,467,162,639,310,,0.9,right
209,car,0.89,,272,165,474,301,2,0.89,right
209,person,0.27,,71,192,80,215,,0.27,left
210,car,0.9,,467,162,639,310,,0.9,right
210,car,0.89,,272,165,474,300,,0.89,right
210,person,0.27,,71,192,80,215,,0.27,left
211,car,0.9,,467,161,639,310,,0.9,right
211,car,0.89,,272,165,474,301,,0.89,right
211,person,0.27,,71,192,80,215,,0.27,left
212,car,0.9,,467,161,639,310,,0.9,right
212,car,0.89,,272,165,474,301,,0.89,right
212,person,0.27,,71,192,80,215,,0.27,left
213,car,0.9,,467,161,639,310,,0.9,right
213,car,0.89,,272,165,475,301,2,0.89,right
213,person,0.26,,71,192,80,215,,0.26,left
214,car,0.9,,467,161,639,310,,0.9,right
214,car,0.89,,272,165,475,302,8,0.89,right
215,car,0.9,,467,161,639,310,,0.9,right
215,car,0.89,,272,165,475,301,8,0.89,right
216,car,0.9,,467,161,639,310,,0.9,right
216,car,0.89,,272,165,475,301,3,0.89,right
217,car,0.9,,467,161,639,310,,0.9,right
217,car,0.89,,272,165,475,301,2,0.89,right
217,person,0.26,,71,193,80,215,,0.26,left
218,car,0.9,,466,161,639,310,,0.9,right
218,car,0.89,,272,165,475,301,3,0.89,right
218,person,0.26,,71,193,80,215,,0.26,left
219,car,0.9,,466,161,639,310,,0.9,right
219,car,0.89,,272,165,475,301,3,0.89,right
220,car,0.9,,466,161,639,310,,0.9,right
220,car,0.89,,272,165,475,301,3,0.89,right
221,car,0.9,,466,161,639,310,,0.9,right
221,car,0.89,,272,165,475,301,3,0.89,right
222,car,0.9,,466,162,639,309,,0.9,right
222,car,0.89,,272,165,475,301,2,0.89,right
223,car,0.9,,467,163,639,309,,0.9,right
223,car,0.89,,273,165,475,301,,0.89,right
224,car,0.9,,467,162,639,309,,0.9,right
224,car,0.9,,273,165,475,301,,0.9,right
225,car,0.9,,467,163,639,309,,0.9,right
225,car,0.9,,273,165,475,301,,0.9,right
226,car,0.9,,467,164,639,309,,0.9,right
226,car,0.9,,273,165,475,301,,0.9,right
227,car,0.9,,467,164,639,309,,0.9,right
227,car,0.9,,273,165,475,301,,0.9,right
228,car,0.9,,467,163,639,309,,0.9,right
228,car,0.9,,273,165,475,302,,0.9,right
229,car,0.9,,468,163,639,309,,0.9,right
229,car,0.9,,273,165,475,302,2,0.9,right
230,car,0.9,,467,163,639,309,,0.9,right
230,car,0.9,,273,165,475,302,2,0.9,right
231,car,0.9,,467,163,639,309,,0.9,right
231,car,0.9,,273,165,475,302,,0.9,right
232,car,0.9,,468,163,639,309,,0.9,right
232,car,0.9,,273,165,475,302,2,0.9,right
233,car,0.9,,468,163,639,309,LO,0.9,right
233,car,0.9,,273,165,475,301,,0.9,right
234,car,0.9,,468,163,639,309,LO,0.9,right
234,car,0.9,,273,165,475,301,,0.9,right
235,car,0.91,,468,161,639,309,LO,0.91,right
235,car,0.9,,273,165,475,301,,0.9,right
236,car,0.91,,468,162,639,309,LM,0.91,right
236,car,0.9,,273,165,475,301,,0.9,right
237,car,0.9,,468,161,639,310,,0.9,right
237,car,0.89,,273,165,475,301,,0.89,right
238,car,0.9,,468,163,639,309,,0.9,right
238,car,0.9,,273,165,475,301,,0.9,right
239,car,0.9,,468,163,639,309,,0.9,right
239,car,0.9,,273,165,475,300,3,0.9,right
240,car,0.9,,468,162,639,309,O,0.9,right
240,car,0.9,,273,165,475,300,2,0.9,right
241,car,0.9,,468,161,639,309,,0.9,right
241,car,0.9,,273,165,475,300,,0.9,right
242,car,0.9,,468,161,639,309,O,0.9,right
242,car,0.9,,273,165,475,301,,0.9,right
243,car,0.91,,469,161,639,309,OO,0.91,right
243,car,0.9,,273,165,476,301,,0.9,right
244,car,0.91,,469,161,639,310,LO,0.91,right
244,car,0.9,,273,165,476,301,3,0.9,right
245,car,0.91,,469,161,639,309,LO,0.91,right
245,car,0.9,,273,165,476,301,8,0.9,right
246,car,0.91,,469,162,639,309,O,0.91,right
246,car,0.9,,273,165,476,302,,0.9,right
247,car,0.91,,468,163,639,309,LO,0.91,right
247,car,0.9,,273,165,476,302,A,0.9,right
248,car,0.9,,468,164,639,309,,0.9,right
248,car,0.9,,273,165,476,302,,0.9,right
249,car,0.9,,273,165,476,301,,0.9,right
249,car,0.9,,468,163,639,309,O,0.9,right
250,car,0.9,,273,165,476,301,2,0.9,right
250,car,0.9,,468,163,639,309,MT,0.9,right
251,car,0.9,,273,165,476,300,,0.9,right
251,car,0.9,,468,164,639,310,,0.9,right
251,person,0.27,,71,193,80,215,,0.27,left
252,car,0.9,,468,164,639,310,,0.9,right
252,car,0.9,,273,165,476,300,,0.9,right
252,person,0.27,,71,192,80,214,,0.27,left
253,car,0.9,,468,164,639,310,,0.9,right
253,car,0.9,,273,165,476,300,E,0.9,right
253,person,0.26,,71,192,81,214,,0.26,left
254,car,0.91,,468,164,639,310,,0.91,right
254,car,0.9,,273,165,476,300,E,0.9,right
254,person,0.26,,71,192,81,214,,0.26,left
255,car,0.91,,468,165,639,310,,0.91,right
255,car,0.9,,273,165,476,300,,0.9,right
256,car,0.91,,468,165,639,310,,0.91,right
256,car,0.9,,273,165,476,300,,0.9,right
257,car,0.91,,468,165,639,310,,0.91,right
257,car,0.9,,273,165,476,300,,0.9,right
258,car,0.91,,468,164,639,310,O,0.91,right
258,car,0.9,,273,165,476,300,,0.9,right
259,car,0.91,,468,164,639,310,,0.91,right
259,car,0.9,,273,165,476,301,,0.9,right
260,car,0.91,,468,164,639,310,,0.91,right
260,car,0.9,,273,165,476,301,,0.9,right
261,car,0.9,,468,164,639,310,,0.9,right
261,car,0.9,,273,165,476,301,,0.9,right
261,person,0.26,,72,193,81,214,,0.26,left
262,car,0.9,,468,164,639,310,,0.9,right
262,car,0.9,,273,165,476,301,,0.9,right
262,person,0.28,,72,193,81,215,,0.28,left
263,car,0.9,,468,162,639,310,,0.9,right
263,car,0.9,,273,165,476,301,2,0.9,right
263,person,0.27,,72,193,81,215,,0.27,left
264,car,0.9,,469,162,639,310,,0.9,right
264,car,0.9,,273,165,476,300,,0.9,right
265,car,0.9,,469,162,639,310,,0.9,right
265,car,0.9,,273,165,476,300,,0.9,right
266,car,0.9,,468,162,639,310,,0.9,right
266,car,0.9,,273,165,476,300,,0.9,right
267,car,0.9,,468,162,639,310,,0.9,right
267,car,0.9,,273,165,477,300,,0.9,right
268,car,0.9,,468,164,639,310,,0.9,right
268,car,0.9,,273,165,477,300,,0.9,right
269,car,0.9,,468,164,639,310,,0.9,right
269,car,0.9,,273,165,477,300,,0.9,right
270,car,0.9,,468,164,639,310,,0.9,right
270,car,0.9,,273,165,476,301,,0.9,right
271,car,0.91,,468,164,639,310,,0.91,right
271,car,0.9,,273,165,476,301,,0.9,right
271,person,0.26,,72,192,81,214,,0.26,left
272,car,0.91,,468,164,639,310,,0.91,right
272,car,0.9,,273,165,476,301,2,0.9,right
273,car,0.91,,469,164,639,310,,0.91,right
273,car,0.9,,273,165,476,301,,0.9,right
273,person,0.26,,73,192,81,214,,0.26,left
274,car,0.91,,468,164,639,310,,0.91,right
274,car,0.9,,274,165,476,301,,0.9,right
275,car,0.91,,468,164,639,309,,0.91,right
275,car,0.9,,274,165,476,301,,0.9,right
276,car,0.91,,468,164,639,309,O,0.91,right
276,car,0.9,,274,165,476,301,,0.9,right
276,person,0.26,,73,192,81,214,,0.26,left
277,car,0.91,,468,164,639,309,,0.91,right
277,car,0.9,,274,165,476,300,,0.9,right
277,person,0.26,,73,192,81,214,,0.26,left
278,car,0.91,,468,164,639,309,,0.91,right
278,car,0.9,,274,165,476,300,,0.9,right
279,car,0.91,,468,164,639,309,,0.91,right
279,car,0.9,,274,165,476,300,,0.9,right
280,car,0.91,,468,165,639,309,,0.91,right
280,car,0.9,,274,165,476,300,,0.9,right
281,car,0.91,,468,165,639,309,,0.91,right
281,car,0.9,,274,165,476,301,,0.9,right
282,car,0.91,,468,165,639,310,,0.91,right
282,car,0.9,,274,165,476,300,,0.9,right
283,car,0.91,,468,165,639,310,,0.91,right
283,car,0.9,,274,165,476,300,2,0.9,right
284,car,0.91,,469,165,639,310,O,0.91,right
284,car,0.9,,274,165,477,300,,0.9,right
285,car,0.9,,469,165,639,310,,0.9,right
285,car,0.9,,274,165,477,300,,0.9,right
286,car,0.9,,469,165,639,310,,0.9,right
286,car,0.9,,274,165,477,301,2,0.9,right
287,car,0.91,,469,165,639,310,,0.91,right
287,car,0.9,,274,165,477,301,2,0.9,right
288,car,0.91,,469,165,639,310,,0.91,right
288,car,0.9,,274,165,477,301,2,0.9,right
289,car,0.9,,469,165,639,310,,0.9,right
289,car,0.9,,274,165,477,301,2,0.9,right
290,car,0.9,,469,164,639,310,,0.9,right
290,car,0.9,,274,165,477,301,2,0.9,right
291,car,0.9,,469,164,639,310,,0.9,right
291,car,0.9,,274,165,477,301,2,0.9,right
292,car,0.9,,469,164,639,310,,0.9,right
292,car,0.9,,274,165,477,301,2,0.9,right
293,car,0.9,,469,163,639,310,,0.9,right
293,car,0.9,,274,165,477,301,2,0.9,right
294,car,0.91,,468,164,639,310,,0.91,right
294,car,0.9,,274,165,476,300,,0.9,right
295,car,0.91,,468,164,639,310,,0.91,right
295,car,0.9,,274,165,476,299,,0.9,right
296,car,0.91,,468,164,639,310,,0.91,right
296,car,0.9,,274,165,476,299,,0.9,right
297,car,0.91,,468,164,639,310,,0.91,right
297,car,0.89,,274,165,476,300,,0.89,right
298,car,0.91,,468,163,639,310,,0.91,right
298,car,0.9,,274,165,476,300,,0.9,right
299,car,0.91,,468,163,639,310,,0.91,right
299,car,0.9,,274,165,476,300,,0.9,right
300,car,0.91,,468,163,639,310,,0.91,right
300,car,0.9,,274,165,476,300,,0.9,right
301,car,0.9,,468,164,639,310,,0.9,right
301,car,0.9,,274,165,476,300,,0.9,right
302,car,0.9,,468,164,639,310,,0.9,right
302,car,0.9,,274,165,476,300,,0.9,right
303,car,0.9,,468,164,639,310,,0.9,right
303,car,0.9,,274,165,476,300,,0.9,right
304,car,0.91,,468,164,639,310,,0.91,right
304,car,0.9,,274,165,476,300,2,0.9,right
305,car,0.91,,468,164,639,310,,0.91,right
305,car,0.9,,274,165,476,300,,0.9,right
306,car,0.9,,468,164,639,310,,0.9,right
306,car,0.9,,274,165,476,300,,0.9,right
307,car,0.9,,468,164,639,310,,0.9,right
307,car,0.9,,273,165,477,301,,0.9,right
308,car,0.9,,468,164,639,310,,0.9,right
308,car,0.89,,274,165,476,302,,0.89,right
309,car,0.9,,468,165,639,310,,0.9,right
309,car,0.9,,274,165,476,302,2,0.9,right
310,car,0.9,,469,165,639,310,,0.9,right
310,car,0.9,,274,165,476,302,2,0.9,right
311,car,0.9,,469,165,639,310,,0.9,right
311,car,0.89,,274,165,476,302,,0.89,right
312,car,0.9,,469,165,639,310,,0.9,right
312,car,0.89,,274,165,476,302,,0.89,right
313,car,0.9,,469,165,639,310,,0.9,right
313,car,0.89,,274,165,476,302,,0.89,right
314,car,0.9,,469,165,639,310,,0.9,right
314,car,0.89,,274,165,476,302,,0.89,right
315,car,0.9,,469,165,639,310,,0.9,right
315,car,0.89,,274,165,476,302,,0.89,right
316,car,0.9,,469,165,639,310,,0.9,right
316,car,0.89,,274,165,476,302,,0.89,right
317,car,0.91,,469,164,639,310,,0.91,right
317,car,0.89,,274,165,476,302,,0.89,right
318,car,0.91,,469,164,639,310,,0.91,right
318,car,0.9,,274,165,476,301,,0.9,right
319,car,0.91,,469,164,639,310,,0.91,right
319,car,0.9,,274,165,476,300,,0.9,right
320,car,0.91,,469,164,639,310,,0.91,right
320,car,0.9,,274,165,476,300,,0.9,right
321,car,0.91,,469,164,639,310,,0.91,right
321,car,0.9,,274,165,476,300,,0.9,right
322,car,0.91,,469,164,639,310,,0.91,right
322,car,0.9,,274,165,476,300,,0.9,right
323,car,0.91,,469,164,639,310,,0.91,right
323,car,0.9,,274,165,476,300,,0.9,right
324,car,0.91,,469,164,639,310,,0.91,right
324,car,0.9,,274,165,476,300,,0.9,right
325,car,0.91,,469,164,639,310,,0.91,right
325,car,0.9,,274,165,476,300,,0.9,right
326,car,0.91,,469,163,639,310,,0.91,right
326,car,0.9,,274,165,476,300,,0.9,right
327,car,0.91,,469,163,639,310,,0.91,right
327,car,0.9,,274,165,476,300,,0.9,right
328,car,0.91,,469,164,639,310,,0.91,right
328,car,0.9,,274,165,477,300,,0.9,right
329,car,0.91,,468,164,639,310,,0.91,right
329,car,0.9,,274,165,476,300,,0.9,right
330,car,0.91,,468,164,639,310,,0.91,right
330,car,0.9,,274,165,476,300,,0.9,right
331,car,0.91,,468,164,639,310,,0.91,right
331,car,0.9,,274,165,477,300,,0.9,right
332,car,0.91,,468,164,639,310,,0.91,right
332,car,0.9,,274,165,476,300,,0.9,right
333,car,0.9,,468,164,639,310,,0.9,right
333,car,0.9,,274,165,477,300,,0.9,right
334,car,0.9,,468,165,639,310,,0.9,right
334,car,0.9,,274,165,477,300,2,0.9,right
334,person,0.27,,73,192,82,214,,0.27,left
335,car,0.9,,468,164,639,310,,0.9,right
335,car,0.9,,274,165,477,300,2,0.9,right
336,car,0.9,,468,165,639,310,,0.9,right
336,car,0.9,,274,165,477,300,,0.9,right
337,car,0.9,,468,164,639,310,,0.9,right
337,car,0.89,,274,165,476,301,,0.89,right
338,car,0.91,,468,164,639,310,,0.91,right
338,car,0.9,,274,165,477,300,2,0.9,right
339,car,0.91,,468,164,639,310,,0.91,right
339,car,0.9,,274,165,477,300,,0.9,right
340,car,0.91,,468,164,639,310,,0.91,right
340,car,0.9,,274,165,476,302,,0.9,right
341,car,0.9,,468,165,639,310,,0.9,right
341,car,0.9,,274,165,475,301,,0.9,right
342,car,0.91,,468,166,639,310,,0.91,right
342,car,0.9,,274,165,475,299,,0.9,right
343,car,0.91,,469,164,639,310,,0.91,right
343,car,0.9,,274,165,476,299,,0.9,right
344,car,0.91,,469,164,639,310,,0.91,right
344,car,0.9,,274,165,476,300,,0.9,right
345,car,0.91,,469,164,639,310,,0.91,right
345,car,0.9,,274,165,476,300,,0.9,right
346,car,0.91,,469,165,639,310,,0.91,right
346,car,0.9,,274,165,476,300,,0.9,right
346,person,0.3,,0,170,14,246,,0.3,left
347,car,0.91,,469,164,639,310,O,0.91,right
347,car,0.9,,274,165,477,300,,0.9,right
348,car,0.9,,469,164,639,310,O,0.9,right
348,car,0.9,,274,165,477,300,,0.9,right
349,car,0.91,,469,163,639,310,,0.91,right
349,car,0.9,,274,165,477,300,,0.9,right
349,person,0.33,,0,170,18,249,,0.33,left
350,car,0.9,,469,163,639,310,,0.9,right
350,car,0.89,,274,165,477,300,2S,0.89,right
350,person,0.49,,0,173,21,248,,0.49,left
350,person,0.27,,0,176,15,246,,0.27,left
351,car,0.9,,469,163,639,310,O,0.9,right
351,car,0.89,,274,165,477,300,2,0.89,right
351,person,0.28,,0,175,23,249,,0.28,left
352,car,0.9,,469,164,639,310,,0.9,right
352,car,0.89,,274,165,477,300,P,0.89,right
352,person,0.43,,0,171,24,247,,0.43,left
353,car,0.9,,469,162,639,309,LO,0.9,right
353,car,0.89,,274,165,477,301,2,0.89,right
353,person,0.54,,0,170,26,251,,0.54,left
353,person,0.26,,73,191,82,215,,0.26,left
353,person,0.26,,0,173,20,242,,0.26,left
354,car,0.9,,469,162,639,309,O,0.9,right
354,car,0.9,,274,165,477,301,8,0.9,right
354,person,0.37,,0,171,27,239,,0.37,left
354,person,0.27,,73,191,82,215,,0.27,left
355,car,0.9,,469,162,639,309,,0.9,right
355,car,0.9,,274,165,477,301,,0.9,right
355,person,0.39,,0,175,26,243,,0.39,left
355,person,0.27,,73,191,82,215,,0.27,left
356,car,0.9,,469,164,639,309,O,0.9,right
356,car,0.9,,274,165,477,301,8,0.9,right
356,person,0.49,,0,179,26,236,,0.49,left
356,person,0.29,,73,191,82,215,,0.29,left
357,car,0.9,,469,164,639,309,,0.9,right
357,car,0.9,,274,165,477,301,8,0.9,right
357,person,0.33,,2,174,31,237,,0.33,left
357,person,0.3,,73,191,82,215,,0.3,left
358,car,0.9,,469,163,639,309,,0.9,right
358,car,0.9,,274,165,477,301,8,0.9,right
358,person,0.38,,2,174,31,235,,0.38,left
358,person,0.31,,73,191,82,215,,0.31,left
359,car,0.91,,469,163,639,310,,0.91,right
359,car,0.9,,274,165,477,301,,0.9,right
359,person,0.43,,5,174,34,237,,0.43,left
359,person,0.3,,73,191,82,215,,0.3,left
360,car,0.91,,469,162,639,310,,0.91,right
360,car,0.9,,274,165,477,301,29,0.9,right
360,person,0.28,,73,191,82,215,,0.28,left
361,car,0.9,,274,165,477,300,,0.9,right
361,car,0.9,,468,162,639,310,,0.9,right
361,person,0.26,,73,191,82,215,,0.26,left
362,car,0.91,,468,162,639,310,,0.91,right
362,car,0.9,,274,165,477,300,2,0.9,right
362,person,0.4,,6,180,39,249,,0.4,left
362,person,0.27,,73,191,82,215,,0.27,left
363,car,0.9,,468,162,639,310,,0.9,right
363,car,0.9,,274,165,477,300,,0.9,right
363,person,0.39,,9,183,39,249,,0.39,left
363,person,0.38,,12,181,37,233,,0.38,left
363,person,0.28,,72,191,82,215,,0.28,left
364,car,0.91,,468,163,639,310,,0.91,right
364,car,0.9,,274,165,477,300,,0.9,right
364,person,0.46,,9,180,41,249,,0.46,left
364,person,0.28,,72,191,82,215,,0.28,left
365,car,0.9,,468,162,639,310,,0.9,right
365,car,0.9,,274,165,477,301,,0.9,right
365,person,0.36,,11,180,41,250,,0.36,left
365,person,0.28,,72,191,82,215,,0.28,left
366,car,0.9,,468,162,639,310,,0.9,right
366,car,0.9,,274,165,477,300,,0.9,right
366,person,0.29,,73,191,82,215,,0.29,left
366,person,0.26,,13,179,41,249,,0.26,left
367,car,0.9,,274,165,477,300,,0.9,right
367,car,0.9,,469,163,639,310,,0.9,right
367,person,0.36,,23,180,47,237,,0.36,left
367,person,0.27,,73,191,82,214,,0.27,left
368,car,0.9,,274,165,477,300,,0.9,right
368,car,0.9,,469,165,639,310,,0.9,right
368,person,0.45,,24,174,47,239,,0.45,left
368,person,0.28,,73,191,82,214,,0.28,left
368,car,0.28,,254,197,270,213,,0.28,left
369,car,0.9,,274,165,477,301,2,0.9,right
369,car,0.9,,468,165,639,310,,0.9,right
369,person,0.63,,27,173,49,237,,0.63,left
369,person,0.27,,73,191,82,214,,0.27,left
370,car,0.9,,274,165,477,300,,0.9,right
370,car,0.9,,468,164,639,310,,0.9,right
370,person,0.57,,29,176,50,238,,0.57,left
371,car,0.9,,274,165,477,301,2,0.9,right
371,car,0.9,,468,165,639,310,,0.9,right
371,person,0.58,,31,176,50,241,,0.58,left
371,car,0.26,,248,196,270,215,,0.26,left
372,car,0.9,,274,165,477,301,2,0.9,right
372,car,0.9,,469,165,639,310,,0.9,right
372,person,0.44,,32,182,51,243,,0.44,left
373,car,0.9,,274,165,477,301,2,0.9,right
373,car,0.9,,468,165,639,310,,0.9,right
373,person,0.5,,31,183,53,245,,0.5,left
374,car,0.9,,274,165,477,301,,0.9,right
374,car,0.9,,468,165,639,310,,0.9,right
374,person,0.35,,30,182,55,249,,0.35,left
375,car,0.9,,274,165,477,301,2,0.9,right
375,car,0.9,,469,165,639,310,,0.9,right
375,person,0.47,,31,177,58,248,,0.47,left
376,car,0.9,,274,165,477,301,2,0.9,right
376,car,0.9,,469,165,639,310,,0.9,right
376,person,0.54,,29,175,61,252,,0.54,left
377,car,0.9,,274,165,477,301,,0.9,right
377,car,0.9,,469,163,639,310,,0.9,right
377,person,0.61,,31,171,62,250,,0.61,left
377,car,0.35,,234,192,259,215,,0.35,left
378,car,0.9,,274,165,477,300,,0.9,right
378,car,0.9,,469,163,639,310,,0.9,right
378,person,0.66,,35,172,64,246,,0.66,left
378,car,0.39,,231,196,256,215,,0.39,left
379,car,0.91,,274,165,476,301,,0.91,right
379,car,0.9,,469,163,639,310,,0.9,right
379,person,0.6,,33,170,66,249,,0.6,left
379,car,0.48,,230,199,254,215,,0.48,left
379,car,0.33,,227,194,253,215,,0.33,left
380,car,0.9,,274,165,476,300,,0.9,right
380,car,0.9,,469,163,639,310,,0.9,right
380,person,0.61,,34,169,67,250,,0.61,left
380,car,0.47,,227,197,253,215,,0.47,left
381,car,0.9,,274,165,476,300,,0.9,right
381,car,0.9,,469,163,639,310,,0.9,right
381,person,0.62,,38,169,67,246,,0.62,left
381,car,0.34,,225,194,249,215,,0.34,left
381,car,0.27,,224,194,240,215,,0.27,left
382,car,0.9,,274,165,477,300,,0.9,right
382,car,0.9,,469,163,639,310,,0.9,right
382,person,0.62,,42,170,67,241,,0.62,left
382,car,0.39,,224,194,248,215,,0.39,left
382,car,0.33,,223,194,241,214,,0.33,left
383,car,0.9,,274,165,477,300,,0.9,right
383,car,0.9,,469,163,639,310,,0.9,right
383,person,0.52,,41,171,67,246,,0.52,left
383,car,0.4,,222,193,244,214,,0.4,left
383,bicycle,0.26,,0,196,22,221,,0.26,left
384,car,0.9,,274,165,476,301,,0.9,right
384,car,0.9,,469,163,639,310,,0.9,right
384,car,0.41,,218,194,241,214,,0.41,left
384,person,0.39,,45,183,68,242,,0.39,left
384,bicycle,0.28,,0,198,18,220,,0.28,left
384,person,0.26,,72,190,82,214,,0.26,left
385,car,0.9,,274,165,477,300,,0.9,right
385,car,0.9,,469,164,639,310,,0.9,right
385,car,0.45,,216,194,241,215,,0.45,left
385,person,0.32,,47,181,69,242,,0.32,left
385,car,0.31,,215,195,227,214,,0.31,left
385,bicycle,0.28,,0,201,18,220,,0.28,left
386,car,0.9,,274,165,477,300,,0.9,right
386,car,0.9,,469,163,639,310,,0.9,right
386,person,0.4,,48,180,74,245,,0.4,left
386,car,0.38,,213,197,237,215,,0.38,left
386,bicycle,0.27,,0,202,20,220,,0.27,left
387,car,0.9,,274,165,477,300,,0.9,right
387,car,0.9,,469,163,639,310,,0.9,right
387,car,0.38,,211,198,235,215,,0.38,left
387,person,0.35,,48,173,75,244,,0.35,left
387,bicycle,0.26,,0,202,25,220,,0.26,left
388,car,0.9,,274,165,477,301,,0.9,right
388,car,0.9,,469,163,639,310,,0.9,right
388,person,0.41,,49,175,76,241,,0.41,left
388,car,0.29,,208,196,234,215,,0.29,left
388,bicycle,0.26,,1,202,21,220,,0.26,left
389,car,0.9,,274,165,477,301,2,0.9,right
389,car,0.9,,468,164,639,309,,0.9,right
389,person,0.4,,49,175,76,240,,0.4,left
389,car,0.3,,208,196,234,215,,0.3,left
389,bicycle,0.27,,1,202,21,220,,0.27,left
390,car,0.9,,274,165,477,301,,0.9,right
390,car,0.9,,469,163,639,310,,0.9,right
390,person,0.37,,53,180,80,242,,0.37,left
390,car,0.32,,204,200,228,215,,0.32,left
390,bicycle,0.29,,3,203,30,220,,0.29,left
391,car,0.9,,274,165,477,301,,0.9,right
391,car,0.9,,469,163,639,310,,0.9,right
391,person,0.51,,55,175,81,246,,0.51,left
391,car,0.31,,199,198,224,215,,0.31,left
391,bicycle,0.28,,3,203,30,220,,0.28,left
392,car,0.9,,274,165,477,301,,0.9,right
392,car,0.9,,469,164,639,310,,0.9,right
392,person,0.52,,55,176,84,252,,0.52,left
392,bicycle,0.3,,6,200,32,220,,0.3,left
393,car,0.9,,274,165,477,301,,0.9,right
393,car,0.9,,468,163,639,310,,0.9,right
393,person,0.5,,56,178,85,252,,0.5,left
393,bicycle,0.43,,6,202,32,220,,0.43,left
393,car,0.36,,195,199,219,215,,0.36,left
394,car,0.9,,274,165,477,301,,0.9,right
394,car,0.9,,468,163,639,310,,0.9,right
394,bicycle,0.43,,7,202,31,220,,0.43,right
394,person,0.33,,58,178,88,254,,0.33,left
394,car,0.27,,191,198,217,216,,0.27,left
395,car,0.9,,274,165,477,301,,0.9,right
395,car,0.9,,468,163,639,310,,0.9,right
395,person,0.45,,60,172,89,252,,0.45,left
395,bicycle,0.36,,7,203,32,220,,0.36,left
396,car,0.9,,274,165,477,301,,0.9,right
396,car,0.9,,469,163,639,310,,0.9,right
396,person,0.43,,61,175,93,252,,0.43,left
396,car,0.39,,186,200,214,216,,0.39,left
396,bicycle,0.31,,8,203,34,220,,0.31,left
397,car,0.9,,274,165,477,301,,0.9,right
397,car,0.9,,469,163,639,310,,0.9,right
398,car,0.9,,274,165,477,301,2,0.9,right
398,car,0.9,,469,164,639,310,,0.9,right
398,car,0.4,,181,198,209,216,,0.4,left
398,person,0.39,,62,179,95,251,,0.39,left
398,bicycle,0.32,,9,203,40,220,,0.32,left
399,car,0.9,,274,165,476,302,,0.9,right
399,car,0.9,,468,165,639,310,,0.9,right
399,person,0.45,,62,176,95,249,,0.45,left
399,car,0.34,,179,196,206,216,,0.34,left
399,bicycle,0.32,,12,203,40,220,,0.32,left
400,car,0.9,,274,165,476,302,2,0.9,right
400,car,0.9,,469,164,639,310,,0.9,right
400,bicycle,0.47,,14,203,43,220,,0.47,right
400,person,0.46,,63,176,96,249,,0.46,left
401,car,0.9,,274,165,476,302,,0.9,right
401,car,0.9,,469,163,639,310,,0.9,right
401,person,0.36,,64,171,97,249,,0.36,left
402,car,0.9,,274,165,476,302,,0.9,right
402,car,0.9,,469,164,639,310,,0.9,right
402,person,0.46,,65,172,98,248,,0.46,left
402,bicycle,0.34,,13,203,43,220,,0.34,left
402,car,0.29,,170,196,198,217,,0.29,left
403,car,0.9,,274,165,476,302,,0.9,right
403,car,0.9,,468,166,639,310,,0.9,right
403,person,0.39,,66,182,99,249,,0.39,left
403,car,0.33,,167,197,193,217,,0.33,left
403,bicycle,0.3,,14,203,45,220,,0.3,left
404,car,0.9,,274,165,476,303,,0.9,right
404,car,0.9,,468,166,639,310,O,0.9,right
404,person,0.29,,72,183,98,246,,0.29,left
404,bicycle,0.28,,16,199,47,220,,0.28,left
405,car,0.9,,274,165,476,303,,0.9,right
405,car,0.9,,468,166,639,310,O,0.9,right
405,car,0.39,,161,198,191,217,,0.39,left
405,person,0.34,,73,178,99,243,,0.34,left
406,car,0.9,,274,165,476,303,,0.9,right
406,car,0.9,,468,165,639,310,,0.9,right
406,bicycle,0.41,,17,203,48,221,,0.41,right
406,car,0.38,,159,198,188,217,,0.38,left
406,person,0.28,,76,179,101,238,,0.28,left
406,person,0.28,,72,190,81,215,,0.28,left
407,car,0.9,,274,165,476,303,,0.9,right
407,car,0.9,,468,164,639,309,,0.9,right
407,person,0.35,,72,190,82,215,,0.35,left
407,bicycle,0.31,,18,204,49,221,,0.31,left
407,person,0.31,,79,175,105,244,,0.31,left
407,car,0.26,,156,197,184,217,,0.26,left
408,car,0.9,,274,165,476,303,,0.9,right
408,car,0.9,,468,165,639,309,O,0.9,right
408,person,0.51,,81,179,104,246,,0.51,left
408,person,0.36,,72,189,82,215,,0.36,left
408,bicycle,0.35,,20,200,50,222,,0.35,left
409,car,0.9,,274,165,476,303,,0.9,right
409,car,0.9,,468,164,639,309,,0.9,right
409,person,0.55,,83,177,107,247,,0.55,left
409,car,0.43,,149,198,177,217,,0.43,left
409,person,0.35,,73,190,83,215,,0.35,left
410,car,0.9,,274,165,476,303,,0.9,right
410,car,0.89,,468,164,639,309,7,0.89,right
410,person,0.59,,85,175,109,244,,0.59,left
410,car,0.42,,145,198,174,218,,0.42,left
410,person,0.33,,73,190,83,214,,0.33,left
411,car,0.9,,274,165,476,301,,0.9,right
411,car,0.89,,469,164,639,309,,0.89,right
411,person,0.52,,89,179,110,249,,0.52,left
411,car,0.51,,143,199,171,217,,0.51,left
411,person,0.28,,73,190,82,214,,0.28,left
412,car,0.9,,274,165,476,303,,0.9,right
412,car,0.89,,469,164,639,309,,0.89,right
412,car,0.36,,141,199,169,217,,0.36,left
412,person,0.31,,73,190,82,215,,0.31,left
412,person,0.27,,89,181,111,241,,0.27,left
413,car,0.9,,274,165,476,301,,0.9,right
413,car,0.9,,469,164,639,309,,0.9,right
413,person,0.37,,90,178,113,240,,0.37,left
413,person,0.29,,73,190,82,214,,0.29,left
414,car,0.9,,274,165,476,301,,0.9,right
414,car,0.89,,469,164,639,309,,0.89,right
415,car,0.9,,274,165,476,301,,0.9,right
415,car,0.89,,469,165,639,310,,0.89,right
416,car,0.9,,274,165,476,301,,0.9,right
416,car,0.9,,469,164,639,309,,0.9,right
416,person,0.32,,92,172,119,250,,0.32,left
416,person,0.27,,73,190,82,214,,0.27,left
417,car,0.9,,274,165,476,301,,0.9,right
417,car,0.9,,469,165,639,309,,0.9,right
417,person,0.46,,91,170,134,258,,0.46,left
417,car,0.3,,121,199,155,218,,0.3,left
418,car,0.9,,274,165,476,301,,0.9,right
418,car,0.9,,469,165,639,309,,0.9,right
418,person,0.49,,91,173,135,257,,0.49,left
418,person,0.26,,86,189,94,213,,0.26,left
418,person,0.26,,73,190,82,216,,0.26,left
419,car,0.9,,274,165,476,303,,0.9,right
419,car,0.89,,469,166,639,310,,0.89,right
419,person,0.3,,86,189,94,213,,0.3,left
420,car,0.9,,274,165,477,301,,0.9,right
420,car,0.89,,469,164,639,309,,0.89,right
420,person,0.28,,86,189,94,213,,0.28,left
421,car,0.9,,274,165,477,301,,0.9,right
421,car,0.89,,468,165,639,310,,0.89,right
421,person,0.44,,97,181,124,248,,0.44,left
421,person,0.28,,86,189,94,213,,0.28,left
422,car,0.9,,274,165,477,301,,0.9,right
422,car,0.9,,468,166,639,310,,0.9,right
422,person,0.36,,98,184,125,247,,0.36,left
422,person,0.26,,85,189,94,214,,0.26,left
423,car,0.9,,274,165,476,303,,0.9,right
423,car,0.9,,468,166,639,310,,0.9,right
423,person,0.46,,102,185,130,246,,0.46,left
423,person,0.26,,85,189,94,214,,0.26,left
424,car,0.9,,274,165,476,303,,0.9,right
424,car,0.9,,468,166,639,310,,0.9,right
424,person,0.52,,104,183,130,241,,0.52,left
424,person,0.3,,86,189,94,213,,0.3,left
425,car,0.9,,274,165,476,303,,0.9,right
425,car,0.9,,468,166,639,309,,0.9,right
425,person,0.54,,107,179,129,242,,0.54,left
426,car,0.9,,274,165,476,303,,0.9,right
426,car,0.9,,468,166,639,310,,0.9,right
426,person,0.59,,108,177,131,240,,0.59,left
427,car,0.9,,274,165,476,303,,0.9,right
427,car,0.9,,469,166,639,309,,0.9,right
427,person,0.56,,109,179,132,240,,0.56,left
428,car,0.9,,274,165,477,301,,0.9,right
428,car,0.9,,469,166,639,309,O,0.9,right
429,car,0.9,,274,165,477,301,,0.9,right
429,car,0.9,,469,166,639,309,,0.9,right
429,person,0.43,,111,180,137,241,,0.43,left
430,car,0.9,,274,165,476,303,,0.9,right
430,car,0.9,,469,166,639,309,,0.9,right
430,person,0.54,,113,182,139,239,,0.54,left
431,car,0.9,,274,165,476,303,,0.9,right
431,car,0.9,,469,166,639,309,,0.9,right
431,person,0.5,,115,183,141,247,,0.5,left
432,car,0.9,,274,165,476,303,,0.9,right
432,car,0.9,,469,166,639,309,,0.9,right
432,person,0.5,,116,182,143,250,,0.5,left
433,car,0.9,,274,165,477,301,,0.9,right
433,car,0.9,,469,166,639,310,,0.9,right
433,person,0.52,,117,177,145,249,,0.52,left
434,car,0.9,,274,165,477,301,,0.9,right
434,car,0.9,,469,166,639,310,,0.9,right
434,person,0.49,,118,181,144,240,,0.49,left
435,car,0.9,,274,165,477,301,,0.9,right
435,car,0.89,,469,166,639,310,,0.89,right
435,person,0.43,,119,177,146,239,,0.43,left
436,car,0.9,,274,165,477,301,,0.9,right
436,car,0.89,,469,166,639,310,,0.89,right
436,person,0.46,,119,185,147,239,,0.46,left
436,person,0.35,,0,191,13,252,,0.35,left
437,car,0.9,,274,165,477,301,,0.9,right
437,car,0.9,,469,166,639,310,,0.9,right
437,person,0.56,,119,184,146,238,,0.56,left
437,person,0.54,,0,187,16,254,,0.54,left
438,car,0.9,,274,165,477,301,,0.9,right
438,car,0.9,,469,166,639,310,,0.9,right
438,person,0.69,,0,180,17,253,,0.69,left
438,person,0.45,,120,181,150,240,,0.45,left
438,person,0.41,,0,181,11,257,,0.41,left
439,car,0.9,,274,165,477,301,,0.9,right
439,car,0.9,,469,166,639,310,,0.9,right
439,person,0.69,,0,173,17,253,,0.69,left
439,person,0.55,,122,177,151,238,,0.55,left
439,person,0.52,,0,173,12,258,,0.52,left
439,bicycle,0.3,,60,192,94,220,,0.3,left
440,car,0.9,,274,165,477,301,,0.9,right
440,car,0.9,,469,166,639,310,,0.9,right
440,person,0.73,,0,173,18,254,,0.73,left
440,person,0.42,,124,181,153,241,,0.42,left
440,bicycle,0.32,,79,200,106,221,,0.32,left
441,car,0.9,,274,165,476,303,,0.9,right
441,car,0.9,,469,166,639,309,,0.9,right
441,person,0.75,,0,174,17,254,,0.75,left
441,person,0.36,,126,186,154,238,,0.36,left
442,car,0.9,,274,165,476,303,,0.9,right
442,car,0.9,,469,166,639,310,,0.9,right
442,person,0.75,,0,171,18,254,,0.75,left
442,person,0.39,,129,182,155,237,,0.39,left
443,car,0.9,,274,165,477,301,,0.9,right
443,car,0.9,,469,166,639,309,,0.9,right
443,person,0.78,,0,168,18,254,,0.78,left
443,person,0.32,,130,181,155,237,,0.32,left
444,car,0.9,,274,165,477,301,,0.9,right
444,car,0.89,,469,166,639,309,,0.89,right
444,person,0.76,,0,166,19,254,,0.76,left
444,bicycle,0.28,,87,194,105,219,,0.28,left
445,car,0.9,,274,165,477,301,,0.9,right
445,car,0.89,,469,166,639,309,,0.89,right
445,person,0.75,,0,161,23,254,,0.75,left
445,person,0.37,,135,180,160,249,,0.37,left
446,car,0.9,,274,165,477,301,,0.9,right
446,car,0.89,,469,166,639,309,,0.89,right
446,person,0.74,,0,162,24,252,,0.74,left
446,person,0.46,,138,181,160,241,,0.46,left
446,person,0.26,,72,191,81,215,,0.26,left
447,car,0.9,,274,165,476,303,,0.9,right
447,car,0.9,,469,166,639,310,,0.9,right
447,person,0.69,,0,165,27,250,,0.69,left
447,person,0.41,,140,182,161,242,,0.41,left
447,bicycle,0.3,,93,198,110,221,,0.3,left
447,person,0.28,,72,191,81,215,,0.28,left
447,person,0.26,,85,189,94,212,,0.26,left
448,car,0.9,,274,165,476,303,,0.9,right
448,car,0.9,,469,166,639,310,,0.9,right
448,person,0.7,,0,162,28,253,,0.7,left
448,person,0.54,,141,182,163,250,,0.54,left
448,bicycle,0.32,,92,196,112,221,,0.32,left
448,person,0.28,,72,191,81,214,,0.28,left
448,person,0.26,,85,189,94,212,,0.26,left
449,car,0.9,,274,165,476,303,,0.9,right
449,car,0.9,,469,166,639,310,,0.9,right
449,person,0.79,,1,166,36,253,,0.79,left
449,person,0.36,,143,184,165,239,,0.36,left
449,bicycle,0.32,,94,200,114,221,,0.32,left
449,person,0.27,,72,191,81,214,,0.27,left
449,person,0.26,,86,189,94,211,,0.26,left
450,car,0.9,,274,165,476,303,,0.9,right
450,car,0.9,,469,166,639,310,,0.9,right
450,person,0.82,,0,166,44,254,,0.82,left
450,person,0.69,,145,181,168,250,,0.69,left
450,bicycle,0.32,,94,197,115,221,,0.32,left
450,person,0.28,,72,191,81,215,,0.28,left
450,person,0.26,,86,189,94,212,,0.26,left
451,car,0.9,,274,165,476,303,,0.9,right
451,car,0.9,,469,166,639,310,,0.9,right
451,person,0.82,,0,166,44,254,,0.82,left
451,person,0.65,,144,181,168,250,,0.65,left
451,bicycle,0.3,,94,198,115,221,,0.3,left
451,person,0.28,,72,191,81,215,,0.28,left
451,bicycle,0.28,,95,202,129,221,,0.28,left
451,person,0.26,,86,189,94,212,,0.26,left
452,car,0.9,,274,165,476,303,,0.9,right
452,car,0.9,,469,166,639,310,,0.9,right
452,person,0.85,,0,171,48,254,,0.85,left
452,person,0.65,,147,175,173,251,,0.65,left
452,person,0.31,,72,191,81,215,,0.31,left
452,bicycle,0.27,,98,199,120,221,,0.27,left
452,bicycle,0.27,,103,203,130,220,,0.27,left
452,person,0.27,,85,189,94,213,,0.27,left
453,car,0.9,,274,165,476,303,,0.9,right
453,car,0.9,,469,166,639,309,,0.9,right
453,person,0.87,,0,172,50,255,,0.87,left
453,person,0.73,,147,176,173,251,,0.73,left
453,person,0.32,,72,191,82,215,,0.32,left
453,person,0.26,,85,189,94,213,,0.26,left
454,car,0.9,,274,165,476,302,,0.9,right
454,car,0.9,,469,166,639,309,,0.9,right
454,person,0.89,,2,170,52,254,,0.89,left
454,person,0.59,,147,179,180,251,,0.59,left
454,person,0.33,,72,190,81,215,,0.33,left
454,bicycle,0.29,,105,203,136,220,,0.29,left
454,person,0.28,,85,189,94,213,,0.28,left
455,car,0.9,,274,165,476,302,,0.9,right
455,car,0.89,,469,166,639,310,,0.89,right
455,person,0.89,,2,172,51,254,,0.89,left
455,person,0.57,,147,173,182,251,,0.57,left
455,person,0.41,,149,173,176,244,,0.41,left
455,person,0.33,,72,190,81,215,,0.33,left
455,person,0.29,,85,189,94,213,,0.29,left
455,bicycle,0.27,,106,204,135,221,,0.27,left
456,car,0.9,,274,165,476,302,,0.9,right
456,person,0.9,,4,174,51,254,,0.9,left
456,car,0.89,,469,165,639,309,,0.89,right
456,person,0.47,,148,176,178,248,,0.47,left
456,bicycle,0.34,,110,204,140,221,,0.34,left
456,person,0.32,,72,190,81,215,,0.32,left
456,person,0.26,,85,190,94,213,,0.26,left
457,car,0.9,,274,165,476,302,,0.9,right
457,car,0.89,,469,166,639,310,,0.89,right
457,person,0.75,,7,176,52,254,,0.75,left
457,person,0.51,,149,183,179,248,,0.51,left
457,person,0.32,,72,191,81,215,,0.32,left
457,bicycle,0.29,,110,205,142,220,,0.29,left
457,person,0.28,,33,181,52,253,,0.28,left
458,car,0.9,,274,165,476,302,,0.9,right
458,car,0.89,,469,166,639,310,,0.89,right
458,person,0.75,,10,174,53,254,,0.75,left
458,person,0.5,,151,183,179,246,,0.5,left
458,bicycle,0.36,,112,205,143,220,,0.36,left
458,person,0.31,,72,191,82,215,,0.31,left
458,person,0.27,,35,178,53,253,,0.27,left
459,car,0.9,,274,165,477,301,,0.9,right
459,car,0.89,,469,166,639,310,,0.89,right
459,person,0.78,,16,171,53,253,,0.78,left
459,person,0.51,,152,182,182,250,,0.51,left
459,person,0.33,,72,191,82,215,,0.33,left
459,bicycle,0.33,,113,204,141,220,,0.33,left
459,person,0.27,,29,169,54,253,,0.27,left
460,car,0.9,,274,165,477,301,,0.9,right
460,car,0.89,,469,166,639,310,,0.89,right
460,person,0.79,,19,171,54,254,,0.79,left
460,bicycle,0.45,,116,204,155,221,,0.45,left
460,person,0.35,,72,191,81,215,,0.35,left
460,person,0.26,,156,182,185,250,,0.26,left
461,car,0.9,,274,165,477,301,,0.9,right
461,car,0.89,,469,166,639,310,,0.89,right
461,person,0.77,,24,169,56,254,,0.77,left
461,person,0.35,,72,191,81,215,,0.35,left
461,bicycle,0.34,,117,205,153,221,,0.34,left
462,car,0.9,,274,165,477,301,,0.9,right
462,car,0.9,,469,166,639,310,,0.9,right
462,person,0.82,,28,171,57,253,,0.82,left
462,person,0.48,,158,173,187,249,,0.48,left
462,bicycle,0.36,,118,206,154,221,,0.36,left
462,person,0.34,,72,191,81,215,,0.34,left
463,car,0.9,,274,165,476,302,,0.9,right
463,car,0.89,,469,166,639,310,,0.89,right
463,person,0.8,,33,171,61,253,,0.8,left
463,person,0.47,,160,182,189,248,,0.47,left
463,bicycle,0.45,,120,205,155,221,,0.45,left
463,bicycle,0.29,,119,207,141,221,,0.29,left
463,person,0.29,,72,191,82,215,,0.29,left
464,car,0.9,,274,165,476,302,,0.9,right
464,car,0.9,,469,166,639,310,,0.9,right
464,person,0.75,,35,173,61,254,,0.75,left
464,person,0.53,,161,178,191,250,,0.53,left
465,car,0.9,,274,165,476,302,2,0.9,right
465,car,0.9,,469,166,639,310,,0.9,right
465,person,0.81,,37,172,63,254,,0.81,left
465,person,0.44,,166,178,192,251,,0.44,left
465,person,0.3,,72,191,81,214,,0.3,left
465,truck,0.26,,168,158,228,211,,0.26,left
466,car,0.9,,274,165,476,302,,0.9,right
466,car,0.9,,469,166,639,310,,0.9,right
466,person,0.85,,37,167,66,253,,0.85,left
466,person,0.62,,170,179,193,251,,0.62,left
466,person,0.29,,73,191,81,215,,0.29,left
466,truck,0.29,,171,158,229,211,,0.29,left
466,bicycle,0.28,,128,207,148,221,,0.28,left
467,car,0.9,,274,165,476,302,,0.9,right
467,car,0.9,,469,165,639,309,,0.9,right
467,person,0.87,,38,170,71,253,,0.87,left
467,person,0.67,,171,177,195,251,,0.67,left
467,person,0.37,,73,191,81,215,,0.37,left
467,truck,0.33,,175,158,229,211,,0.33,left
467,bicycle,0.32,,128,203,159,221,,0.32,left
468,car,0.9,,274,165,476,302,,0.9,right
468,car,0.9,,469,166,639,310,,0.9,right
468,person,0.85,,39,170,77,252,,0.85,left
468,person,0.75,,172,176,197,251,,0.75,left
468,bicycle,0.33,,130,202,160,221,,0.33,left
468,bicycle,0.31,,131,203,149,221,,0.31,left
469,car,0.9,,274,165,476,302,,0.9,right
469,car,0.9,,469,167,639,310,,0.9,right
469,person,0.89,,39,171,80,252,,0.89,left
469,person,0.77,,173,179,198,251,,0.77,left
469,bicycle,0.3,,131,205,152,221,,0.3,left
469,bicycle,0.29,,133,204,159,221,,0.29,left
470,car,0.9,,274,165,476,302,,0.9,right
470,car,0.9,,469,166,639,310,,0.9,right
470,person,0.89,,39,172,81,253,,0.89,left
470,person,0.66,,174,182,200,251,,0.66,left
471,car,0.9,,274,165,476,302,,0.9,right
471,car,0.9,,469,166,639,310,,0.9,right
471,person,0.89,,39,173,82,253,,0.89,left
471,person,0.52,,175,183,203,250,,0.52,left
471,bicycle,0.28,,137,205,157,221,,0.28,left
472,car,0.9,,274,165,476,302,,0.9,right
472,car,0.9,,469,166,639,310,,0.9,right
472,person,0.89,,41,172,83,252,,0.89,left
472,person,0.29,,176,185,203,249,,0.29,left
473,car,0.9,,274,165,476,302,,0.9,right
473,car,0.9,,469,166,639,310,,0.9,right
473,person,0.82,,43,171,83,251,,0.82,left
473,person,0.29,,143,193,158,221,,0.29,left
473,person,0.26,,177,185,210,250,,0.26,left
473,person,0.26,,96,194,107,216,,0.26,left
474,car,0.9,,274,165,476,302,,0.9,right
474,car,0.9,,469,167,639,310,,0.9,right
474,person,0.72,,51,168,82,251,,0.72,left
474,person,0.27,,96,193,107,217,,0.27,left
475,car,0.91,,274,165,476,302,,0.91,right
475,car,0.9,,469,167,639,310,,0.9,right
475,person,0.74,,55,167,84,251,,0.74,left
476,car,0.9,,274,165,476,302,,0.9,right
476,car,0.9,,469,167,639,310,7,0.9,right
476,person,0.74,,56,165,86,249,,0.74,left
477,car,0.9,,274,165,476,302,,0.9,right
477,car,0.9,,469,166,639,309,,0.9,right
477,person,0.78,,59,166,87,250,,0.78,left
477,person,0.31,,178,179,218,251,,0.31,left
478,car,0.9,,274,165,476,302,,0.9,right
478,car,0.9,,469,166,639,309,,0.9,right
478,person,0.8,,62,167,89,250,,0.8,left
478,person,0.29,,178,178,218,252,,0.29,left
479,car,0.9,,274,165,476,302,,0.9,right
479,car,0.9,,469,166,639,310,,0.9,right
479,person,0.77,,64,166,92,251,,0.77,left
480,car,0.9,,274,165,476,302,,0.9,right
480,car,0.9,,469,166,639,310,,0.9,right
480,person,0.8,,66,171,94,250,,0.8,left
480,person,0.26,,191,173,216,239,,0.26,left
481,car,0.9,,274,165,476,302,,0.9,right
481,car,0.9,,469,166,639,310,,0.9,right
481,person,0.8,,66,169,96,249,,0.8,left
481,person,0.36,,192,172,216,229,,0.36,left
482,car,0.9,,274,165,476,302,,0.9,right
482,car,0.9,,469,166,639,309,,0.9,right
482,person,0.79,,66,169,96,249,,0.79,left
482,person,0.37,,192,172,217,236,,0.37,left
483,car,0.91,,274,165,476,302,,0.91,right
483,car,0.9,,469,166,639,309,,0.9,right
483,person,0.77,,66,170,103,250,,0.77,left
483,person,0.36,,192,171,219,239,,0.36,left
484,car,0.9,,274,165,476,302,,0.9,right
484,car,0.9,,469,166,639,309,,0.9,right
484,person,0.78,,67,171,106,250,,0.78,left
484,person,0.3,,196,170,222,241,,0.3,left
485,car,0.9,,274,165,476,302,,0.9,right
485,car,0.9,,469,167,639,309,,0.9,right
485,person,0.79,,68,175,110,250,,0.79,left
485,person,0.6,,199,174,224,250,,0.6,left
485,car,0.29,,276,196,295,218,,0.29,left
486,car,0.9,,274,165,476,302,,0.9,right
486,car,0.9,,469,166,639,309,,0.9,right
486,person,0.82,,69,175,112,251,,0.82,left
486,person,0.59,,203,172,225,250,,0.59,left
486,car,0.28,,275,196,294,218,,0.28,left
487,car,0.9,,274,165,476,302,2,0.9,right
487,car,0.9,,469,166,639,309,,0.9,right
487,person,0.83,,69,173,112,252,,0.83,left
487,person,0.68,,204,170,226,250,,0.68,left
487,car,0.26,,275,196,294,217,,0.26,left
488,car,0.9,,469,167,639,309,,0.9,right
488,car,0.9,,274,165,477,301,,0.9,right
488,person,0.88,,70,175,113,251,,0.88,left
488,person,0.63,,205,169,227,251,,0.63,left
488,car,0.36,,258,197,275,215,,0.36,left
488,car,0.29,,274,196,295,217,,0.29,left
488,person,0.26,,71,192,82,216,,0.26,left
489,car,0.9,,469,166,639,309,,0.9,right
489,car,0.9,,274,165,476,302,,0.9,right
489,person,0.87,,71,174,113,250,,0.87,left
489,car,0.5,,254,198,274,214,,0.5,left
489,car,0.32,,273,196,296,217,,0.32,left
489,person,0.31,,208,172,231,251,,0.31,left
489,person,0.27,,72,193,82,216,,0.27,left
490,car,0.9,,469,166,639,309,,0.9,right
490,car,0.89,,274,165,476,302,,0.89,right
490,person,0.86,,73,173,114,250,,0.86,left
490,car,0.51,,254,197,274,214,,0.51,left
490,car,0.37,,274,196,296,217,,0.37,left
490,person,0.32,,73,193,82,215,,0.32,left
491,car,0.9,,469,166,639,309,O,0.9,right
491,car,0.89,,274,165,476,302,,0.89,right
491,person,0.8,,76,172,116,250,,0.8,left
491,car,0.53,,253,197,274,215,,0.53,left
491,person,0.35,,72,192,81,215,,0.35,left
491,car,0.34,,274,196,296,216,,0.34,left
491,car,0.27,,267,196,294,216,,0.27,left
492,car,0.9,,469,166,639,309,O,0.9,right
492,car,0.89,,274,165,476,302,,0.89,right
492,person,0.77,,80,174,118,250,,0.77,left
492,car,0.54,,252,197,274,215,,0.54,left
492,person,0.34,,72,192,81,215,,0.34,left
492,car,0.34,,266,196,295,216,,0.34,left
492,car,0.27,,273,196,297,217,,0.27,left
493,car,0.9,,469,166,639,309,,0.9,right
493,car,0.9,,274,165,476,302,,0.9,right
493,person,0.74,,82,175,119,250,,0.74,left
493,car,0.52,,250,197,274,215,,0.52,left
493,person,0.31,,73,193,82,215,,0.31,left
493,car,0.31,,274,196,295,216,,0.31,left
494,car,0.9,,469,165,639,309,,0.9,right
494,car,0.9,,274,165,476,302,,0.9,right
494,person,0.74,,86,173,119,250,,0.74,left
494,car,0.54,,248,197,275,215,,0.54,left
494,person,0.32,,73,193,82,215,,0.32,left
494,person,0.28,,211,183,239,249,,0.28,left
495,car,0.9,,469,166,639,309,,0.9,right
495,car,0.9,,274,165,476,302,2,0.9,right
495,person,0.69,,91,171,121,250,,0.69,left
495,car,0.51,,249,198,276,215,,0.51,left
495,person,0.31,,73,193,82,216,,0.31,left
495,person,0.28,,213,180,242,251,,0.28,left
496,car,0.9,,469,166,639,309,O,0.9,right
496,car,0.9,,274,165,476,302,,0.9,right
496,person,0.68,,96,171,125,250,,0.68,left
496,car,0.44,,245,197,276,215,,0.44,left
496,person,0.36,,210,178,243,249,,0.36,left
496,person,0.3,,73,193,82,216,,0.3,left
497,car,0.9,,469,166,639,309,O,0.9,right
497,car,0.9,,274,165,476,302,,0.9,right
497,person,0.68,,97,172,125,249,,0.68,left
497,car,0.47,,245,197,275,215,,0.47,left
497,car,0.36,,240,198,254,214,,0.36,left
497,person,0.31,,73,193,82,216,,0.31,left
498,car,0.9,,469,166,639,309,O,0.9,right
498,car,0.9,,273,165,477,301,,0.9,right
498,person,0.68,,97,174,125,250,,0.68,left
498,car,0.44,,241,198,276,215,,0.44,left
498,person,0.32,,73,193,82,216,,0.32,left
498,car,0.26,,240,198,255,214,,0.26,left
499,car,0.9,,469,166,639,309,,0.9,right
499,car,0.89,,273,165,476,302,,0.89,right
499,person,0.73,,99,174,126,250,,0.73,left
499,car,0.44,,243,198,276,215,,0.44,left
499,person,0.32,,73,193,82,216,,0.32,left
499,person,0.26,,143,193,150,213,,0.26,left
500,car,0.9,,469,166,639,309,O,0.9,right
500,car,0.9,,273,165,477,301,5,0.9,right
500,person,0.78,,100,174,130,249,,0.78,left
500,car,0.34,,244,195,278,215,,0.34,left
500,person,0.32,,73,193,82,216,,0.32,left
500,truck,0.31,,180,158,229,214,,0.31,left
500,person,0.26,,85,189,94,214,,0.26,left
500,car,0.26,,244,196,262,214,,0.26,left
501,car,0.9,,273,165,477,301,,0.9,right
501,car,0.9,,468,164,639,309,,0.9,right
501,person,0.81,,102,173,134,249,,0.81,left
501,person,0.34,,73,193,82,216,,0.34,left
501,car,0.33,,245,197,274,215,,0.33,left
501,car,0.26,,245,200,264,215,,0.26,left
502,car,0.9,,273,165,477,301,,0.9,right
502,car,0.9,,469,164,639,309,,0.9,right
502,person,0.84,,102,173,136,249,,0.84,left
502,car,0.34,,249,195,284,214,,0.34,left
502,person,0.33,,73,193,82,216,,0.33,left
503,car,0.9,,273,165,477,301,,0.9,right
503,car,0.9,,468,165,639,309,,0.9,right
503,person,0.86,,103,171,139,250,,0.86,left
503,car,0.56,,248,195,278,214,,0.56,left
503,person,0.35,,73,193,82,216,,0.35,left
504,car,0.9,,273,165,477,301,,0.9,right
504,car,0.89,,468,165,639,309,,0.89,right
504,person,0.85,,103,173,141,249,,0.85,left
504,car,0.45,,248,194,278,215,,0.45,left
504,person,0.4,,228,178,254,250,,0.4,left
504,person,0.34,,73,193,82,216,,0.34,left
505,car,0.9,,273,165,476,302,,0.9,right
505,car,0.9,,468,165,639,309,O,0.9,right
505,person,0.79,,103,173,142,250,,0.79,left
505,car,0.42,,250,194,276,215,,0.42,left
505,person,0.36,,231,179,255,251,,0.36,left
505,person,0.33,,73,193,82,216,,0.33,left
505,person,0.27,,192,190,201,214,,0.27,left
506,car,0.9,,273,165,477,301,,0.9,right
506,car,0.9,,468,165,639,309,,0.9,right
506,person,0.62,,105,173,141,249,,0.62,left
506,car,0.52,,251,194,276,215,,0.52,left
506,person,0.35,,73,193,82,216,,0.35,left
506,person,0.32,,232,180,257,250,,0.32,left
506,person,0.27,,192,190,201,214,,0.27,left
507,car,0.9,,273,165,477,301,,0.9,right
507,car,0.9,,468,165,639,309,,0.9,right
507,person,0.63,,114,172,143,250,,0.63,left
507,car,0.44,,252,194,275,215,,0.44,left
507,person,0.36,,233,180,257,249,,0.36,left
507,person,0.34,,73,193,82,216,,0.34,left
508,car,0.9,,273,165,477,301,,0.9,right
508,car,0.9,,468,165,639,309,,0.9,right
508,person,0.79,,118,172,145,249,,0.79,left
508,car,0.4,,252,193,275,215,OF,0.4,left
508,person,0.35,,73,193,82,216,,0.35,left
508,person,0.3,,85,190,94,216,,0.3,left
508,person,0.27,,192,191,202,214,,0.27,left
509,car,0.9,,468,165,639,309,,0.9,right
509,car,0.9,,273,165,477,301,,0.9,right
509,person,0.73,,121,172,145,248,,0.73,left
509,car,0.37,,254,193,275,214,,0.37,left
509,person,0.35,,73,193,82,216,,0.35,left
509,person,0.29,,85,190,94,216,,0.29,left
509,bicycle,0.29,,110,211,129,245,,0.29,left
509,person,0.28,,192,191,202,214,,0.28,left
510,car,0.9,,469,163,639,309,,0.9,right
510,car,0.9,,273,165,477,301,,0.9,right
510,person,0.68,,122,172,146,248,,0.68,left
510,person,0.39,,73,193,82,216,,0.39,left
510,car,0.33,,235,190,283,251,,0.33,left
510,person,0.31,,85,190,94,216,,0.31,left
510,car,0.28,,240,191,276,215,,0.28,left
511,car,0.9,,273,165,477,301,,0.9,right
511,car,0.9,,468,164,639,309,,0.9,right
511,person,0.69,,125,174,147,249,,0.69,left
511,person,0.38,,73,193,82,216,,0.38,left
511,car,0.34,,239,189,276,216,,0.34,left
511,person,0.3,,85,190,94,216,,0.3,left
511,car,0.28,,237,189,277,232,,0.28,left
512,car,0.9,,468,164,639,309,,0.9,right
512,car,0.89,,272,165,477,301,,0.89,right
512,person,0.67,,125,173,150,249,,0.67,left
512,person,0.41,,118,184,151,247,,0.41,left
512,person,0.37,,73,193,82,216,,0.37,left
512,car,0.33,,214,201,233,216,,0.33,left
512,car,0.3,,236,192,281,251,,0.3,left
512,person,0.28,,85,190,94,216,,0.28,left
512,car,0.26,,214,197,237,216,,0.26,left
513,car,0.9,,469,162,639,309,,0.9,right
513,car,0.89,,272,165,477,301,,0.89,right
513,person,0.67,,125,173,150,249,,0.67,left
513,person,0.39,,117,186,151,247,,0.39,left
513,person,0.37,,73,193,82,216,,0.37,left
513,car,0.36,,236,191,281,251,,0.36,left
513,car,0.33,,214,201,233,216,,0.33,left
514,car,0.9,,469,163,639,309,,0.9,right
514,car,0.9,,271,165,477,301,,0.9,right
514,person,0.68,,129,173,153,249,,0.68,left
514,car,0.44,,212,200,236,216,,0.44,left
514,car,0.37,,235,189,286,251,,0.37,left
514,person,0.36,,73,193,82,216,,0.36,left
514,car,0.3,,212,190,241,216,,0.3,left
514,person,0.26,,85,190,94,216,,0.26,left
515,car,0.9,,468,164,639,309,,0.9,right
515,car,0.89,,271,165,477,301,,0.89,right
515,person,0.65,,128,174,156,249,,0.65,left
515,car,0.52,,210,196,239,216,,0.52,left
515,car,0.49,,236,188,287,252,,0.49,left
515,car,0.44,,210,193,247,216,,0.44,left
515,person,0.36,,134,183,156,248,,0.36,left
515,person,0.34,,72,193,82,216,,0.34,left
515,car,0.28,,209,200,233,216,,0.28,left
516,car,0.9,,468,164,639,309,,0.9,right
516,car,0.9,,270,165,476,302,,0.9,right
516,person,0.65,,127,175,159,249,,0.65,left
516,car,0.52,,208,200,239,216,,0.52,left
516,person,0.39,,135,176,158,249,,0.39,left
516,car,0.39,,236,189,288,253,,0.39,left
516,car,0.38,,207,193,246,216,,0.38,left
516,person,0.34,,72,193,82,216,,0.34,left
516,person,0.26,,85,190,94,216,,0.26,left
517,car,0.9,,468,164,639,309,,0.9,right
517,car,0.89,,270,165,476,302,,0.89,right
517,person,0.76,,128,175,162,249,,0.76,left
517,car,0.63,,206,200,240,216,,0.63,left
517,car,0.41,,205,194,246,216,,0.41,left
517,person,0.35,,73,193,82,216,,0.35,left
517,person,0.26,,85,189,94,216,,0.26,left
518,car,0.9,,468,163,639,309,,0.9,right
518,car,0.9,,270,165,476,302,,0.9,right
518,person,0.77,,128,177,167,249,,0.77,left
518,car,0.47,,205,199,242,216,,0.47,left
518,car,0.4,,205,200,232,216,,0.4,left
518,person,0.33,,73,193,82,216,,0.33,left
518,car,0.31,,204,193,250,216,US,0.31,left
518,truck,0.31,,180,159,230,213,,0.31,left
518,car,0.3,,229,194,254,215,,0.3,left
518,person,0.28,,104,195,112,217,,0.28,left
519,car,0.9,,468,164,639,309,,0.9,right
519,car,0.9,,271,165,476,302,,0.9,right
519,person,0.79,,129,179,169,249,,0.79,left
519,car,0.4,,205,200,244,216,,0.4,left
519,person,0.33,,73,193,82,216,,0.33,left
519,car,0.33,,204,200,226,216,,0.33,left
519,person,0.29,,104,195,112,217,,0.29,left
519,car,0.28,,227,194,256,216,,0.28,left
519,person,0.26,,128,202,158,248,,0.26,left
520,car,0.9,,272,165,476,302,,0.9,right
520,car,0.9,,468,163,639,309,,0.9,right
520,person,0.84,,130,175,173,249,,0.84,left
520,person,0.35,,73,193,82,216,,0.35,left
520,car,0.35,,200,201,224,216,,0.35,left
520,car,0.33,,200,199,242,216,,0.33,left
520,car,0.3,,226,194,257,215,,0.3,left
520,person,0.28,,104,195,112,217,,0.28,left
520,person,0.26,,85,190,94,216,,0.26,left
521,car,0.9,,272,165,476,302,,0.9,right
521,car,0.9,,468,164,639,309,,0.9,right
521,person,0.84,,131,176,173,249,,0.84,left
521,car,0.52,,198,196,248,216,,0.52,left
521,person,0.37,,73,193,82,216,,0.37,left
521,car,0.34,,197,198,237,216,,0.34,left
521,car,0.31,,197,193,258,217,,0.31,left
522,car,0.91,,273,165,476,302,,0.91,right
522,car,0.9,,469,162,639,309,,0.9,right
522,person,0.81,,132,176,173,249,,0.81,left
522,car,0.55,,195,194,257,217,,0.55,left
522,person,0.33,,73,193,81,216,,0.33,left
522,car,0.32,,195,196,235,216,,0.32,left
523,car,0.91,,272,165,476,302,,0.91,right
523,car,0.9,,469,162,639,309,,0.9,right
523,person,0.88,,134,173,173,249,,0.88,left
523,car,0.54,,193,193,256,217,,0.54,left
523,person,0.35,,73,193,82,216,,0.35,left
523,car,0.28,,193,197,229,216,Y,0.28,left
524,car,0.9,,469,162,639,309,O,0.9,right
524,car,0.9,,272,165,476,302,,0.9,right
524,person,0.88,,136,173,174,249,,0.88,left
524,car,0.52,,191,194,254,217,,0.52,left
524,car,0.36,,216,195,252,216,,0.36,left
524,person,0.35,,73,193,82,216,,0.35,left
524,car,0.34,,191,194,231,216,,0.34,left
524,car,0.29,,192,199,224,216,,0.29,left
525,car,0.9,,469,162,639,309,,0.9,right
525,car,0.9,,273,165,476,302,,0.9,right
525,person,0.83,,138,173,174,249,,0.83,left
525,car,0.51,,193,195,250,216,,0.51,left
525,car,0.4,,210,195,249,216,,0.4,left
525,person,0.35,,73,193,81,216,,0.35,left
525,car,0.35,,188,201,210,215,,0.35,left
525,truck,0.31,,179,159,229,214,,0.31,left
525,person,0.29,,85,190,94,216,,0.29,left
526,car,0.9,,468,164,639,309,,0.9,right
526,car,0.89,,270,165,475,302,,0.89,right
526,person,0.75,,142,174,175,249,,0.75,left
526,car,0.59,,200,195,247,216,,0.59,left
526,car,0.41,,188,201,210,216,,0.41,left
526,person,0.34,,73,193,81,216,,0.34,left
526,car,0.3,,189,199,244,216,,0.3,left
526,truck,0.29,,181,159,229,214,,0.29,left
526,person,0.28,,85,190,94,216,,0.28,left
527,car,0.9,,468,164,639,309,,0.9,right
527,car,0.89,,270,165,475,302,,0.89,right
527,person,0.78,,145,173,176,249,,0.78,left
527,car,0.59,,208,196,243,215,,0.59,left
527,car,0.42,,186,196,243,216,,0.42,left
527,person,0.35,,73,193,81,216,,0.35,left
527,person,0.35,,267,174,290,220,,0.35,left
527,car,0.28,,185,202,208,216,,0.28,left
527,person,0.28,,85,190,94,216,,0.28,left
528,car,0.9,,468,164,639,309,,0.9,right
528,car,0.89,,271,165,475,302,,0.89,right
528,person,0.7,,149,174,176,248,,0.7,left
528,car,0.69,,206,195,242,216,,0.69,left
528,person,0.35,,73,192,81,216,,0.35,left
528,car,0.35,,181,202,214,216,,0.35,left
528,car,0.34,,180,196,242,216,,0.34,left
528,person,0.3,,85,190,94,216,,0.3,left
529,car,0.9,,468,164,639,309,,0.9,right
529,car,0.89,,271,165,476,302,,0.89,right
529,person,0.72,,154,172,177,248,,0.72,left
529,car,0.54,,179,195,239,216,,0.54,left
529,car,0.51,,205,195,240,216,,0.51,left
529,person,0.35,,73,192,81,216,,0.35,left
529,car,0.35,,180,198,227,216,,0.35,left
529,person,0.32,,85,190,94,216,,0.32,left
529,car,0.31,,179,200,211,216,,0.31,left
530,car,0.9,,468,164,639,309,,0.9,right
530,car,0.9,,270,165,475,302,,0.9,right
530,person,0.76,,157,172,178,248,,0.76,left
530,car,0.5,,180,195,237,216,,0.5,left
530,person,0.35,,73,192,81,216,,0.35,left
530,person,0.33,,85,190,94,216,,0.33,left
530,truck,0.29,,177,157,234,216,,0.29,left
531,car,0.9,,468,165,639,309,O,0.9,right
531,car,0.9,,270,165,475,302,,0.9,right
531,person,0.77,,159,173,181,248,,0.77,left
531,truck,0.63,,180,157,235,216,,0.63,left
531,person,0.36,,73,192,81,216,,0.36,left
531,person,0.33,,85,190,94,216,,0.33,left
532,car,0.9,,468,165,639,309,O,0.9,right
532,car,0.9,,270,165,475,302,,0.9,right
532,person,0.73,,160,172,183,248,,0.73,left
532,truck,0.63,,181,157,234,216,,0.63,left
532,person,0.36,,73,192,81,216,,0.36,left
532,car,0.35,,185,194,234,216,,0.35,left
532,person,0.33,,85,190,94,216,,0.33,left
533,car,0.9,,468,164,639,309,,0.9,right
533,car,0.9,,270,165,475,302,,0.9,right
533,person,0.71,,161,171,185,248,,0.71,left
533,car,0.62,,189,194,232,215,,0.62,left
533,truck,0.43,,181,157,230,213,,0.43,left
533,person,0.37,,73,191,82,216,,0.37,left
533,person,0.33,,85,190,94,216,,0.33,left
534,car,0.9,,468,164,639,309,,0.9,right
534,car,0.9,,270,165,475,302,,0.9,right
534,person,0.7,,161,171,187,248,,0.7,left
534,truck,0.64,,181,157,231,216,,0.64,left
534,car,0.48,,188,194,230,215,,0.48,left
534,person,0.37,,73,191,82,216,,0.37,left
534,person,0.33,,85,190,94,216,,0.33,left
535,car,0.9,,468,164,639,309,,0.9,right
535,car,0.89,,272,165,475,302,,0.89,right
535,person,0.77,,161,173,192,248,,0.77,left
535,truck,0.62,,180,157,231,216,,0.62,left
535,car,0.47,,189,194,229,215,,0.47,left
535,person,0.37,,73,191,81,216,,0.37,left
535,person,0.33,,85,190,94,216,,0.33,left
536,car,0.9,,468,164,639,309,,0.9,right
536,car,0.89,,273,165,475,302,,0.89,right
536,person,0.81,,161,173,194,248,,0.81,left
536,truck,0.53,,181,157,229,215,,0.53,left
536,car,0.51,,191,195,226,215,,0.51,left
536,person,0.36,,73,191,81,216,,0.36,left
536,person,0.32,,85,190,94,216,,0.32,left
537,car,0.9,,468,163,639,309,,0.9,right
537,car,0.89,,273,165,475,302,2,0.89,right
537,person,0.82,,161,173,196,248,,0.82,left
537,car,0.48,,193,195,223,216,,0.48,left
537,truck,0.43,,181,157,229,216,,0.43,left
537,person,0.37,,73,191,81,216,,0.37,left
537,person,0.33,,85,190,94,216,,0.33,left
538,car,0.9,,468,163,639,309,,0.9,right
538,car,0.89,,274,165,475,302,PY,0.89,right
538,person,0.83,,161,175,197,248,,0.83,left
538,car,0.53,,191,195,221,216,,0.53,left
538,person,0.36,,73,192,81,216,,0.36,left
538,person,0.32,,85,190,94,216,,0.32,left
538,truck,0.26,,174,158,228,214,,0.26,left
539,car,0.9,,468,163,639,309,,0.9,right
539,car,0.89,,274,165,476,303,9,0.89,right
539,person,0.82,,162,175,198,248,,0.82,left
539,car,0.63,,190,194,220,216,,0.63,left
539,person,0.36,,72,191,81,216,,0.36,left
539,person,0.31,,84,190,94,216,,0.31,left
540,car,0.9,,469,162,639,309,O,0.9,right
540,car,0.9,,274,165,476,301,,0.9,right
540,person,0.82,,163,176,199,247,,0.82,left
540,person,0.37,,72,191,82,216,,0.37,left
540,car,0.32,,193,195,218,216,,0.32,left
540,person,0.31,,85,190,94,216,,0.31,left
540,person,0.26,,232,189,240,211,,0.26,left
541,car,0.9,,468,162,639,309,,0.9,right
541,car,0.9,,274,165,476,301,,0.9,right
541,person,0.75,,166,177,201,246,,0.75,left
541,car,0.37,,153,200,180,217,,0.37,left
541,car,0.37,,196,195,216,216,,0.37,left
541,person,0.37,,72,191,82,216,,0.37,left
541,person,0.31,,85,190,94,216,,0.31,left
542,car,0.9,,468,162,639,309,,0.9,right
542,car,0.9,,274,165,476,303,,0.9,right
542,person,0.76,,170,179,203,246,,0.76,left
542,car,0.42,,151,200,181,217,,0.42,left
542,person,0.36,,72,192,82,216,,0.36,left
542,person,0.3,,85,190,94,216,,0.3,left
543,car,0.9,,468,163,639,309,,0.9,right
543,car,0.9,,274,165,475,302,,0.9,right
543,person,0.7,,172,177,203,246,,0.7,left
543,car,0.42,,148,199,180,216,,0.42,left
543,person,0.35,,72,192,81,216,,0.35,left
543,person,0.29,,85,190,94,216,,0.29,left
544,car,0.9,,468,164,639,309,,0.9,right
544,car,0.9,,274,165,475,302,,0.9,right
544,person,0.7,,172,177,203,246,,0.7,left
544,car,0.42,,148,199,181,216,,0.42,left
544,person,0.35,,72,192,81,216,,0.35,left
544,person,0.29,,85,190,94,216,,0.29,left
545,car,0.9,,468,164,639,309,,0.9,right
545,car,0.9,,274,165,475,302,,0.9,right
545,person,0.78,,179,175,206,247,,0.78,left
545,car,0.51,,142,196,184,217,,0.51,left
545,person,0.36,,72,192,82,215,,0.36,left
545,car,0.3,,143,199,178,216,,0.3,left
545,person,0.26,,85,191,94,215,,0.26,left
546,car,0.9,,274,165,475,302,,0.9,right
546,car,0.9,,468,164,639,309,,0.9,right
546,person,0.76,,185,174,207,246,,0.76,left
546,car,0.63,,140,197,183,217,TY,0.63,left
546,person,0.35,,72,192,82,215,,0.35,left
546,person,0.26,,85,191,94,215,,0.26,left
547,car,0.9,,468,164,639,309,,0.9,right
547,car,0.9,,274,165,475,302,,0.9,right
547,person,0.78,,187,174,209,247,,0.78,left
547,car,0.73,,138,194,188,218,,0.73,left
547,person,0.35,,72,192,82,215,,0.35,left
548,car,0.9,,468,164,639,309,,0.9,right
548,car,0.9,,274,165,475,302,,0.9,right
548,person,0.78,,187,174,210,247,,0.78,left
548,car,0.43,,135,198,183,218,,0.43,left
548,person,0.35,,72,191,82,215,,0.35,left
548,person,0.26,,85,190,94,215,,0.26,left
549,car,0.9,,468,164,639,309,,0.9,right
549,car,0.9,,274,165,476,301,,0.9,right
549,person,0.77,,188,174,212,246,,0.77,left
549,car,0.58,,132,194,192,218,,0.58,left
549,person,0.32,,72,192,82,215,,0.32,left
550,car,0.9,,468,164,639,309,,0.9,right
550,car,0.9,,274,165,476,301,,0.9,right
550,person,0.77,,188,174,215,246,,0.77,left
550,car,0.67,,130,195,192,219,,0.67,left
550,person,0.34,,72,192,82,215,,0.34,left
551,car,0.9,,468,164,639,309,,0.9,right
551,car,0.9,,274,165,476,301,,0.9,right
551,person,0.79,,188,174,220,247,,0.79,left
551,car,0.75,,128,195,193,219,,0.75,left
551,person,0.33,,72,192,82,215,,0.33,left
552,car,0.9,,274,165,475,302,,0.9,right
552,car,0.9,,468,163,639,309,,0.9,right
552,person,0.82,,188,176,223,247,,0.82,left
552,car,0.76,,124,195,191,218,,0.76,left
552,person,0.33,,72,192,82,215,,0.33,left
553,car,0.9,,274,165,475,302,,0.9,right
553,car,0.9,,468,162,639,308,,0.9,right
553,person,0.79,,188,177,224,247,,0.79,left
553,car,0.77,,122,195,192,218,,0.77,left
553,person,0.32,,72,192,82,215,,0.32,left
554,car,0.9,,274,165,476,301,,0.9,right
554,car,0.9,,468,162,639,309,,0.9,right
554,person,0.81,,188,177,225,247,,0.81,left
554,car,0.75,,120,196,192,218,,0.75,left
554,person,0.32,,72,192,82,215,,0.32,left
555,car,0.9,,274,165,476,301,,0.9,right
555,car,0.9,,468,163,639,309,,0.9,right
555,person,0.79,,188,179,226,247,,0.79,left
555,car,0.75,,118,196,184,218,,0.75,left
555,person,0.32,,72,192,82,215,,0.32,left
555,person,0.26,,85,190,94,215,,0.26,left
556,car,0.9,,274,165,476,301,,0.9,right
556,car,0.9,,468,163,639,309,,0.9,right
556,car,0.82,,117,195,181,218,,0.82,left
556,person,0.78,,189,179,226,247,,0.78,left
556,person,0.31,,72,191,82,215,,0.31,left
557,car,0.9,,274,165,476,301,,0.9,right
557,car,0.9,,468,163,639,309,,0.9,right
557,person,0.81,,191,177,227,247,,0.81,left
557,car,0.8,,113,195,179,218,,0.8,left
557,person,0.32,,72,191,82,215,,0.32,left
558,car,0.9,,274,165,476,301,,0.9,right
558,car,0.9,,468,164,639,309,,0.9,right
558,person,0.8,,194,176,228,247,,0.8,left
558,car,0.78,,111,195,178,218,,0.78,left
558,person,0.32,,72,192,82,215,,0.32,left
558,car,0.3,,128,194,179,217,,0.3,left
559,car,0.9,,274,165,476,300,,0.9,right
559,car,0.9,,468,164,639,309,,0.9,right
559,person,0.81,,197,176,228,247,,0.81,left
559,car,0.79,,109,195,176,218,,0.79,left
559,person,0.33,,72,191,82,215,,0.33,left
560,car,0.9,,468,162,639,309,O,0.9,right
560,car,0.9,,274,165,476,300,2,0.9,right
560,car,0.82,,107,195,173,219,,0.82,left
560,person,0.74,,200,173,228,246,,0.74,left
560,person,0.34,,72,191,82,215,,0.34,left
561,car,0.9,,468,163,639,309,,0.9,right
561,car,0.9,,274,165,476,300,,0.9,right
561,car,0.79,,101,195,171,219,,0.79,left
561,person,0.66,,205,176,229,246,,0.66,left
561,person,0.33,,72,192,82,215,,0.33,left
561,person,0.28,,85,190,94,215,,0.28,left
562,car,0.9,,468,163,639,309,O,0.9,right
562,car,0.9,,274,165,476,300,PR,0.9,right
562,car,0.83,,100,195,167,218,,0.83,left
562,person,0.64,,208,181,231,246,,0.64,left
562,person,0.31,,85,191,94,215,,0.31,left
562,person,0.31,,73,192,82,215,,0.31,left
563,car,0.9,,273,165,475,302,,0.9,right
563,car,0.9,,469,163,639,309,,0.9,right
563,car,0.78,,97,195,166,219,,0.78,left
563,person,0.67,,210,179,232,247,,0.67,left
563,person,0.34,,85,190,94,215,,0.34,left
563,person,0.34,,72,192,82,215,,0.34,left
563,person,0.26,,197,187,205,212,,0.26,left
564,car,0.9,,468,163,639,309,,0.9,right
564,car,0.9,,273,165,475,302,,0.9,right
564,car,0.71,,94,195,162,219,,0.71,left
564,person,0.68,,213,177,235,247,,0.68,left
564,car,0.4,,116,194,162,218,,0.4,left
564,person,0.38,,72,192,82,215,,0.38,left
564,person,0.33,,85,190,94,215,,0.33,left
564,car,0.32,,94,197,133,218,,0.32,left
564,person,0.26,,197,187,206,212,,0.26,left
565,car,0.9,,273,165,475,302,,0.9,right
565,car,0.89,,468,164,639,309,,0.89,right
565,car,0.81,,93,195,161,218,,0.81,left
565,person,0.7,,214,177,236,248,,0.7,left
565,person,0.45,,72,192,82,216,,0.45,left
565,person,0.28,,197,187,207,212,,0.28,left
565,car,0.27,,115,194,160,217,,0.27,left
566,car,0.9,,273,165,475,302,,0.9,right
566,car,0.89,,468,163,639,309,,0.89,right
566,car,0.82,,91,195,158,219,,0.82,left
566,person,0.78,,216,176,237,247,,0.78,left
566,person,0.4,,72,192,82,216,,0.4,left
566,person,0.28,,197,187,207,212,,0.28,left
567,car,0.9,,273,165,475,302,9,0.9,right
567,car,0.89,,468,163,639,309,,0.89,right
567,car,0.78,,89,195,156,218,,0.78,left
567,person,0.77,,216,177,241,247,,0.77,left
567,person,0.32,,73,193,81,216,,0.32,left
567,person,0.3,,197,186,206,212,,0.3,left
568,car,0.9,,274,165,475,302,,0.9,right
568,car,0.89,,468,163,639,309,,0.89,right
568,car,0.82,,84,195,152,218,,0.82,left
568,person,0.78,,216,176,241,247,,0.78,left
568,person,0.33,,73,192,82,216,,0.33,left
568,person,0.32,,197,186,207,212,,0.32,left
569,car,0.9,,274,165,476,302,2,0.9,right
569,car,0.89,,468,164,639,309,7,0.89,right
569,car,0.83,,85,197,150,218,,0.83,left
569,person,0.76,,216,177,245,247,,0.76,left
569,person,0.34,,73,192,82,217,,0.34,left
569,person,0.27,,197,188,205,213,,0.27,left
570,car,0.91,,274,165,475,302,,0.91,right
570,car,0.9,,468,163,639,309,,0.9,right
570,car,0.82,,77,195,146,219,,0.82,left
570,person,0.78,,217,177,248,246,,0.78,left
571,car,0.91,,273,165,475,302,,0.91,right
571,car,0.89,,468,163,639,309,,0.89,right
571,car,0.84,,75,194,143,218,,0.84,left
571,person,0.8,,217,176,250,246,,0.8,left
572,car,0.9,,273,165,475,302,9,0.9,right
572,car,0.89,,468,165,639,309,A,0.89,right
572,car,0.84,,71,195,143,218,,0.84,left
572,person,0.73,,218,178,252,246,,0.73,left
573,car,0.9,,273,165,475,302,9,0.9,right
573,car,0.89,,468,165,639,309,A,0.89,right
573,car,0.82,,70,194,142,218,,0.82,left
573,person,0.73,,219,177,253,247,,0.73,left
574,car,0.9,,273,165,475,302,9,0.9,right
574,car,0.89,,468,165,639,309,A,0.89,right
574,car,0.81,,70,192,138,218,,0.81,left
574,person,0.74,,220,180,253,247,,0.74,left
575,car,0.9,,273,165,475,302,9,0.9,right
575,car,0.89,,469,165,639,309,7,0.89,right
575,car,0.81,,70,192,137,218,,0.81,left
575,person,0.74,,220,180,253,247,,0.74,left
576,car,0.9,,273,165,475,302,9,0.9,right
576,car,0.89,,468,165,639,309,,0.89,right
576,car,0.72,,61,193,132,219,,0.72,left
576,person,0.7,,233,181,255,247,,0.7,left
577,car,0.9,,273,165,476,301,,0.9,right
577,car,0.89,,469,165,639,309,,0.89,right
577,car,0.79,,58,193,130,219,,0.79,left
577,person,0.71,,233,184,255,247,,0.71,left
578,car,0.9,,273,165,476,300,,0.9,right
578,car,0.89,,469,164,639,309,,0.89,right
578,car,0.78,,59,193,131,219,,0.78,left
578,person,0.71,,234,184,256,246,,0.71,left
579,car,0.9,,273,165,475,301,9,0.9,right
579,car,0.89,,469,164,639,309,2,0.89,right
579,car,0.78,,58,193,131,219,,0.78,left
579,person,0.64,,236,182,258,244,,0.64,left
580,car,0.9,,273,165,476,301,2,0.9,right
580,car,0.9,,469,165,639,309,,0.9,right
580,car,0.83,,58,193,121,219,,0.83,left
580,person,0.64,,239,180,259,242,,0.64,left
581,car,0.9,,273,165,475,302,9,0.9,right
581,car,0.9,,469,165,639,309,O,0.9,right
581,car,0.84,,59,193,119,218,,0.84,left
581,person,0.54,,238,179,260,246,,0.54,left
582,car,0.91,,273,165,475,302,,0.91,right
582,car,0.89,,469,164,639,309,,0.89,right
582,car,0.79,,59,193,116,218,,0.79,left
582,person,0.59,,239,183,261,245,,0.59,left
583,car,0.91,,273,165,476,301,,0.91,right
583,car,0.9,,469,164,639,309,,0.9,right
583,car,0.73,,59,194,114,219,,0.73,left
583,person,0.68,,240,181,265,246,,0.68,left
584,car,0.9,,273,165,476,301,2,0.9,right
584,car,0.9,,469,164,639,309,,0.9,right
584,car,0.79,,60,193,113,218,,0.79,left
584,person,0.4,,241,184,265,246,,0.4,left
584,person,0.37,,38,194,49,220,,0.37,left
585,car,0.9,,273,165,476,301,,0.9,right
585,car,0.9,,469,164,639,309,,0.9,right
585,car,0.63,,58,192,108,217,,0.63,left
585,car,0.56,,30,191,108,219,,0.56,left
585,person,0.44,,241,179,269,245,,0.44,left
586,car,0.9,,273,165,476,301,,0.9,right
586,car,0.9,,469,164,639,309,,0.9,right
586,car,0.65,,56,191,106,218,,0.65,left
586,car,0.61,,31,192,106,219,,0.61,left
586,person,0.6,,241,178,270,245,,0.6,left
587,car,0.9,,273,165,476,301,,0.9,right
587,car,0.9,,469,165,639,309,,0.9,right
587,car,0.75,,29,193,107,219,,0.75,left
587,person,0.7,,241,182,272,245,,0.7,left
587,car,0.4,,55,193,106,218,,0.4,left
588,car,0.9,,273,165,476,301,,0.9,right
588,car,0.9,,469,164,639,309,,0.9,right
588,car,0.77,,23,192,103,219,,0.77,left
588,person,0.6,,242,184,273,245,,0.6,left
